,app_name,releaseDate,developer,tabName,读取联系人,读取短信/彩信,显示在其他应用上面,修改或删除存储卡中的内容,访问确切位置信息（使用GPS和网络进行定位）,访问大致位置信息（使用网络进行定位）,接收短信,发送短信,录制音频,相机,读取存储卡中的内容,读取通话状态和移动网络信息,接收WAP信息,读取小区广播消息,查找设备上的帐号,新建/修改/删除联系人,修改系统设置,新建/修改/删除通话记录,拨打电话
0,百度输入法,2020/11/27,百度在线网络技术（北京）有限公司,实用工具,1,1,1,1,0,1,1,1,1,1,1,1,0,0,0,0,1,0,0
1,搜狗输入法,2020/12/11,北京搜狗科技发展有限公司,实用工具,1,1,1,1,0,1,1,0,1,1,1,1,0,0,1,0,1,0,0
2,讯飞输入法,2020/12/2,科大讯飞股份有限公司,实用工具,1,0,1,1,0,1,0,0,1,1,1,1,0,0,0,0,0,0,0
3,KK键盘,2020/12/8,北京闪趣信息技术有限公司,实用工具,0,0,1,1,0,0,0,0,1,0,1,1,0,0,0,0,1,0,0
4,QQ输入法,2020/11/6,北京搜狗科技发展有限公司,实用工具,1,0,1,1,0,0,0,0,1,0,1,1,0,0,1,0,0,0,0
5,键多多输入法,2020/12/11,上海游牟网络科技有限公司,实用工具,1,0,1,1,0,1,0,0,1,1,1,1,0,0,0,0,1,0,0
6,章鱼输入法,2020/12/9,北京智慧章鱼科技有限公司,实用工具,1,1,1,1,0,1,0,0,1,1,1,1,0,0,1,0,1,0,0
7,Uyghurche Kirguzguch,2020/3/15,广州智品网络科技有限公司,实用工具,1,1,1,1,0,1,0,0,1,0,1,1,0,0,1,1,0,0,0
8,不折叠输入法,2020/11/20,广州字言智语科技有限公司,实用工具,0,0,0,1,0,1,0,0,0,0,1,1,0,0,0,0,1,0,0
9,快输入,2020/12/8,聚越信息技术（上海）有限公司,实用工具,1,0,1,1,0,1,0,0,1,1,1,1,0,0,0,0,1,0,0
10,趣键盘极速版,2020/9/23,上海萌家网络科技有限公司,实用工具,1,0,1,1,0,1,0,0,1,0,1,1,0,0,0,0,1,0,0
11,微脉输入法,2020/11/5,北京助梦工场科技有限公司,实用工具,1,0,1,1,0,0,0,0,1,1,1,1,0,0,0,0,1,0,0
12,不折叠输入法,2020/11/30,水印科技（深圳）有限公司,实用工具,0,0,1,1,0,1,0,0,0,0,1,1,0,0,0,0,0,0,0
13,东噶藏文输入法,2020/11/26,四川讯飞超脑信息科技有限公司,实用工具,0,0,0,1,0,0,0,0,1,0,1,0,0,0,0,0,0,0,0
14,套路键盘,2020/11/27,北京第二信息技术有限责任公司,实用工具,1,0,1,1,0,1,0,0,0,0,1,1,0,0,0,0,1,0,0
15,微商输入法,2020/10/21,北京鹏图助梦科技有限公司,实用工具,0,0,1,1,0,1,0,0,1,1,1,1,0,0,0,0,0,0,0
16,百度输入法华为版,2018/8/27,华为终端有限公司,实用工具,1,0,1,1,0,1,0,0,1,1,1,1,0,0,1,0,1,0,0
17,万能五笔输入法,2020/8/12,上海高欣计算机系统有限公司,实用工具,1,0,1,1,0,1,0,0,0,1,1,1,0,0,0,0,1,0,0
18,趣打字,2020/12/3,上海采拾信息科技有限公司,实用工具,0,0,1,1,0,1,0,0,0,0,1,1,0,0,0,0,0,0,0
19,百度日文输入法,2020/12/1,百度国际科技（深圳）有限公司,实用工具,0,0,0,1,0,0,0,0,1,0,1,0,0,0,0,0,0,0,0
20,特殊文字,2020/11/12,深圳链条科技有限公司,实用工具,0,0,1,1,0,1,0,0,0,0,1,1,0,0,0,0,1,0,0
21,百度输入法AI探索版,2019/2/2,FALSE,实用工具,1,0,1,1,0,1,0,0,1,1,1,1,0,0,0,0,1,0,0
22,Nur输入法,2020/11/7,新疆连线网络科技有限公司,实用工具,1,1,1,1,0,1,1,0,1,1,1,1,0,0,1,0,1,0,0
23,手迹造字,2020/11/26,北京方正手迹数字技术有限公司,实用工具,1,0,1,1,0,0,0,0,1,1,1,1,0,0,1,0,1,0,1
24,斑马输入法,2020/11/23,上海禾赞网络科技有限公司,实用工具,1,1,1,1,0,1,0,0,1,1,1,1,0,0,1,0,1,0,0
25,Kazakhsha Kirgizwshi,2019/11/10,广州智品网络科技有限公司,实用工具,1,1,1,1,0,1,0,0,1,0,1,1,0,0,1,1,0,0,0
26,手心输入法,2020/11/11,北京奇元科技有限公司,实用工具,1,0,1,1,0,1,0,0,1,1,1,1,0,0,0,0,1,0,0
27,扣字怼人输入法,2020/8/31,上海欢旦信息科技有限公司,实用工具,0,0,0,1,0,1,0,0,0,1,1,1,0,0,0,0,0,0,0
28,防折叠输入法,2020/10/21,重庆杨桃科技有限公司,实用工具,0,0,0,1,0,1,0,0,0,1,1,1,0,0,0,0,1,0,0
29,酷输入法,2020/10/29,讯通无限（广州）网络技术有限公司,实用工具,1,0,1,1,0,1,0,0,1,1,1,1,0,0,1,0,0,0,0
30,超炫字体管家,2020/1/15,合肥应顺信息科技有限公司,实用工具,0,0,0,1,0,1,0,0,0,0,1,1,0,0,0,0,0,0,0
31,不折叠,2020/11/5,福鼎市众人网络科技有限公司,实用工具,0,0,0,1,0,1,0,0,0,0,1,1,0,0,0,0,0,0,0
32,西瓜输入法,2020/12/1,苏州魅游网络科技有限公司,实用工具,0,0,1,1,0,1,0,0,1,1,1,1,0,0,0,0,0,0,0
33,微商输入法,2020/12/7,上海追书信息技术中心,实用工具,0,0,0,1,0,0,0,0,0,1,1,1,0,0,0,0,0,0,0
34,斗图表情王,2019/12/23,长沙班门网络科技有限公司,实用工具,0,0,0,1,0,0,0,0,0,0,1,1,0,0,0,0,0,0,0
35,字体下载,2020/7/23,长沙先讯快锋影视传媒有限公司,实用工具,0,0,0,1,0,0,0,0,0,1,1,0,0,0,0,0,0,0,0
36,不折叠朋友圈输入法,2020/8/31,福鼎市扬创网络科技有限公司,实用工具,0,0,0,1,0,1,0,0,0,0,1,1,0,0,0,0,0,0,0
37,翻译输入法,2019/6/15,中译语通科技股份有限公司,实用工具,1,0,0,1,0,0,0,0,1,0,1,1,0,0,0,0,1,0,0
38,键盘侠不折叠输入法,2020/8/27,广州舜飞信息科技有限公司,实用工具,0,0,0,1,0,0,0,0,0,0,1,1,0,0,0,0,0,0,0
39,个性签名设计师,2020/12/4,北京启码时代科技有限公司,实用工具,0,0,0,1,0,0,1,0,0,0,1,1,0,0,0,0,0,0,0
40,26k键盘输入法,2020/4/22,厦门创世线程科技有限公司,实用工具,0,0,1,1,0,0,0,0,1,0,1,0,0,0,0,0,0,0,0
41,小键盘,2020/5/30,刘正军,实用工具,1,0,1,1,0,0,0,0,0,0,1,1,0,0,0,0,0,0,0
42,天天五笔,2020/5/27,蒋伟,实用工具,1,0,1,1,0,1,0,0,1,1,1,1,0,0,0,0,1,0,0
43,不折叠朋友圈,2020/9/24,邓福明,实用工具,0,0,1,1,0,0,0,0,0,1,1,1,0,0,0,0,0,0,0
44,Neo Notes,2019/10/21,青岛英俊网络科技有限公司,实用工具,0,0,1,1,0,1,0,0,1,0,1,1,0,0,1,0,0,0,0
45,普逻码输入法,2020/11/12,王海青,实用工具,0,0,0,1,0,0,0,0,0,0,1,0,0,0,0,0,0,0,0
46,云藏输入法,2019/11/20,海南藏族自治州藏文信息技术研究中心,实用工具,0,0,0,1,0,0,0,0,1,0,1,1,0,0,0,0,0,0,0
47,灵云智能输入法,2019/11/19,北京捷通华声科技股份有限公司,实用工具,1,0,0,1,0,0,0,0,1,1,1,1,0,0,1,1,0,0,0
48,乐赚输入法,2019/7/9,北京小熊博望科技有限公司,实用工具,1,1,1,1,0,1,0,0,0,1,1,1,0,0,1,0,1,0,0
49,安心输入法,2020/9/9,北京芯盾集团有限公司,实用工具,1,0,1,1,0,0,0,0,0,0,1,1,0,0,0,0,0,0,0
50,流行输入法,2020/11/14,刘恒林,实用工具,1,0,1,1,0,0,0,0,0,0,1,1,0,0,0,0,0,0,0
51,宠物输入法,2020/9/21,上海古晨信息科技有限公司,实用工具,0,0,1,1,0,0,0,0,0,1,1,1,0,0,0,0,1,0,0
52,汉字先生输入法,2019/7/3,岳阳市鼎创科技有限公司,实用工具,0,0,1,1,0,1,0,0,1,1,1,1,0,0,1,0,1,0,1
53,岁寒输入法,2018/7/25,黄柏儒,实用工具,1,0,0,0,0,0,0,0,1,0,0,0,0,0,0,0,1,0,0
54,IN输入法,2020/10/26,武汉速诺科技有限公司,实用工具,0,0,1,0,0,0,0,0,0,0,0,1,0,0,0,0,0,0,0
55,简出键盘,2020/5/29,佛冈永讯网络技术有限公司,实用工具,0,0,1,1,0,0,0,0,0,0,1,1,0,0,0,0,0,0,0
56,贝店输入法,2020/3/22,杭州微享科技有限公司,实用工具,0,0,0,1,0,0,0,0,1,1,1,0,0,0,0,0,0,0,0
57,一念,2020/11/7,广州黑箱网络科技有限公司,实用工具,0,0,1,1,0,1,0,0,0,0,1,1,0,0,0,0,1,0,0
58,单手拼音,2020/12/5,梁忠鹏,实用工具,0,0,0,1,0,1,0,0,0,1,1,1,0,0,0,0,1,0,0
59,米果输入法,2019/12/7,上海禾一网络科技有限公司,实用工具,0,0,0,1,0,0,0,0,0,0,1,0,0,0,1,0,0,0,0
60,虾滑输入法,2020/6/28,上海趣虫科技有限公司,实用工具,0,0,1,1,0,0,0,0,1,0,1,1,0,0,0,0,0,0,0
61,海豹输入法,2020/6/3,广州众帧科技有限公司,实用工具,1,0,0,1,0,0,0,0,0,0,1,1,0,0,1,0,0,0,0
62,百度,2020/12/7,百度在线网络技术（北京）有限公司,实用工具,1,0,1,1,0,1,0,0,1,1,1,1,0,0,1,0,1,0,0
63,QQ浏览器,2020/12/3,腾讯科技（深圳）有限公司,实用工具,1,0,1,1,0,1,0,0,1,1,1,1,0,0,0,0,1,0,0
64,夸克,2020/12/3,优视科技（中国）有限公司,实用工具,0,0,1,1,0,1,0,0,1,1,1,1,0,0,0,0,1,0,1
65,搜狗浏览器,2020/12/3,北京搜狗科技发展有限公司,实用工具,0,0,1,1,0,1,0,0,1,1,1,1,0,0,0,0,1,0,0
66,UC浏览器大字版,2020/12/7,优视科技（中国）有限公司,实用工具,0,0,1,1,0,1,0,0,1,1,1,1,0,0,0,0,0,0,0
67,360浏览器,2020/11/27,北京奇虎科技有限公司,实用工具,0,0,1,1,0,1,0,0,1,1,1,1,0,0,1,0,0,0,0
68,2345浏览器,2020/12/10,上海二三四五网络科技有限公司,实用工具,0,0,0,1,0,1,0,0,1,1,1,1,0,0,0,0,1,0,0
69,UC浏览器,2020/12/7,优视科技（中国）有限公司,实用工具,0,0,1,1,0,1,0,0,1,1,1,1,0,0,0,0,0,0,0
70,UC浏览器极速版,2020/11/23,优视科技（中国）有限公司,实用工具,0,0,1,1,0,1,0,0,1,1,1,1,0,0,0,0,0,0,0
71,私密浏览器,2020/12/2,北京乐读科技有限公司,实用工具,0,0,1,1,0,1,0,0,0,1,1,1,0,0,0,0,0,0,0
72,Via浏览器 ,2020/11/30,涂亚锋,实用工具,0,0,0,1,0,0,0,0,0,0,1,0,0,0,0,0,0,0,0
73,百度浏览器,2020/11/3,北京百度网讯科技有限公司,实用工具,1,0,1,1,0,1,0,0,1,1,1,1,0,0,0,0,1,0,0
74,猎豹浏览器,2020/11/12,北京金山安全软件有限公司,实用工具,0,0,1,1,0,1,0,0,1,1,1,1,0,0,1,0,1,0,0
75,超速浏览器,2020/11/23,厦门说玩互娱科技有限公司,实用工具,0,0,1,1,0,1,0,0,0,1,1,1,0,0,0,0,0,0,0
76,极速浏览器,2020/3/13,北京奇虎科技有限公司,实用工具,0,0,1,1,0,1,0,0,1,1,1,1,0,0,0,0,0,0,0
77,X浏览器,2020/11/24,北京心往科技有限公司,实用工具,0,0,0,1,0,0,0,0,0,0,1,0,0,0,0,0,0,0,0
78,Edge,2020/11/2,微软（中国）有限公司,实用工具,1,0,0,1,0,1,0,0,1,1,1,0,0,0,1,0,0,0,0
79,360浏览器-迷你版,2019/8/2,北京奇虎科技有限公司,实用工具,0,0,1,1,0,1,0,0,0,1,1,1,0,0,0,0,1,0,0
80,e浏览器,2020/12/4,北京乐读科技有限公司,实用工具,0,0,0,1,0,1,0,0,0,1,1,1,0,0,0,0,0,0,0
81,极鹰浏览器,2020/12/10,西安诚优网络科技有限责任公司,实用工具,0,0,0,1,0,1,0,0,0,1,1,1,0,0,0,0,0,0,0
82,欧朋浏览器,2020/11/11,北界无限（北京）软件有限公司,实用工具,0,0,1,1,0,1,0,0,0,1,1,1,0,0,0,0,1,0,0
83,微软必应,2020/5/14,微软移动联新互联网服务有限公司,实用工具,0,0,1,1,0,1,0,0,1,1,1,1,0,0,1,0,0,0,1
84,搜狗浏览器极速版,2019/10/11,北京搜狗科技发展有限公司,实用工具,0,0,1,1,0,1,0,0,1,1,1,1,0,0,1,0,1,0,0
85,WiFi万能钥匙浏览器,2020/11/30,上海连尚网络科技有限公司,实用工具,0,0,1,1,0,1,0,0,1,1,1,1,0,0,1,0,0,0,0
86,高速浏览器,2020/12/7,北京乐读科技有限公司,实用工具,0,0,1,1,0,1,0,0,0,1,1,1,0,0,0,0,0,0,0
87,UA浏览器,2020/11/26,北京思略九航科技有限公司,实用工具,0,0,1,1,0,1,0,0,0,1,1,1,0,0,1,0,0,0,0
88,极速浏览器,2020/11/9,北京乐读科技有限公司,实用工具,0,0,1,1,0,1,0,0,0,1,1,1,0,0,0,0,0,0,0
89,久久浏览器,2020/11/4,北京久讯在线科技有限公司,实用工具,0,0,1,1,0,1,0,0,0,1,1,1,0,0,0,0,0,0,0
90,星尘浏览器HD,2019/12/16,北京超卓科技有限公司,实用工具,0,0,1,1,0,1,0,0,1,1,1,1,0,0,0,0,0,0,0
91,浏览器plus,2020/12/2,北京墨樱科技有限公司,实用工具,0,0,1,1,0,1,0,0,0,1,1,1,0,0,0,0,0,0,0
92,简单搜索,2020/9/21,百度云计算技术（北京）有限公司,实用工具,0,0,1,1,0,1,0,0,1,1,1,1,0,0,0,0,1,0,0
93,桔子浏览器,2019/5/15,北京四象联创网络技术有限公司,实用工具,0,0,1,1,0,1,0,0,0,1,1,1,0,0,0,0,0,0,0
94,极速通浏览器,2020/4/27,深圳市方贝科技有限公司,实用工具,0,0,0,1,0,1,0,0,0,1,1,1,0,0,0,0,0,0,0
95,傲游移动浏览器,2020/12/8,网际傲游（北京）科技有限公司,实用工具,0,0,1,1,0,1,0,0,1,1,1,1,0,0,0,0,1,0,0
96,千幻魔镜VR,2019/11/27,桂林市千幻网络科技有限公司,实用工具,0,0,1,1,0,1,0,0,0,1,1,1,0,0,0,0,0,0,0
97,华为浏览器,2020/7/30,华为软件技术有限公司,实用工具,0,0,0,1,0,1,0,0,1,1,1,0,0,0,1,0,0,0,0
98,头条搜索,2020/5/7,北京字节跳动科技有限公司,实用工具,1,0,1,1,0,1,0,0,1,1,1,1,0,0,1,0,1,0,0
99,神奇浏览器,2020/3/16,武汉默契科技有限公司,实用工具,0,0,1,1,0,1,0,0,0,1,1,1,0,0,0,0,0,0,0
100,QP浏览器,2020/11/6,北京思略九航科技有限公司,实用工具,0,0,0,1,0,1,0,0,0,1,1,1,0,0,0,0,0,0,0
137,芒果TV,2020/12/3,湖南快乐阳光互动娱乐传媒有限公司,影音娱乐,0,0,1,1,0,1,0,0,1,1,1,1,0,0,1,0,1,0,1
138,影视大全布丸,2020/11/27,重庆椰视网络科技有限公司,影音娱乐,0,0,0,1,0,1,0,0,0,0,1,1,0,0,0,0,1,0,0
139,影视大全,2020/11/19,成都融特通信技术有限公司,影音娱乐,0,0,1,1,0,1,0,0,1,1,1,1,0,0,0,0,1,0,0
140,手机电视,2020/11/26,国广星空视频科技（北京）有限公司,影音娱乐,0,0,1,1,0,1,0,0,0,1,1,1,0,0,0,0,1,0,0
141,电视家,2020/12/11,北京家视通科技有限公司,影音娱乐,0,0,1,1,0,1,0,0,1,1,1,1,0,0,1,0,1,0,0
142,CCTV手机电视,2020/12/12,北京易橙天下科技有限公司,影音娱乐,0,0,1,1,0,1,0,1,1,1,1,1,0,0,0,0,1,0,0
143,手机电视高清直播,2020/12/3,长沙清闲子电子商务有限公司,影音娱乐,0,0,1,1,0,1,0,0,0,0,1,1,0,0,0,0,0,0,0
144,1905电影网,2020/11/30,一九零五（北京）网络科技有限公司,影音娱乐,0,0,1,1,0,1,0,0,1,1,1,1,0,0,0,0,0,0,0
145,全民电视直播,2020/12/3,珠海星动技术咨询有限公司,影音娱乐,0,0,1,1,0,1,0,0,1,1,1,1,0,0,1,0,1,0,0
146,手机电视直播大全,2020/11/16,珠海创嗨新网络科技有限公司,影音娱乐,0,0,1,1,0,1,0,0,1,1,1,1,0,0,1,0,1,0,0
147,今日影视大全,2020/11/5,重庆智彩科技有限公司,影音娱乐,0,0,1,1,0,1,0,0,1,1,1,1,0,0,0,0,1,0,0
148,中国蓝TV,2020/12/11,浙江新蓝网络传媒有限公司,影音娱乐,0,0,0,1,0,1,0,0,1,1,1,1,0,0,0,0,1,0,0
149,央视体育,2020/11/19,中央广播电视总台,影音娱乐,0,0,1,1,0,1,0,0,1,1,1,1,0,0,1,0,1,0,1
150,Koznak,2020/12/10,新疆阔孜纳克信息科技有限公司,影音娱乐,0,0,1,1,0,1,0,0,1,1,1,1,0,0,0,0,1,0,0
151,BesTV,2020/12/5,上海东方龙新媒体有限公司,影音娱乐,0,0,0,1,0,1,0,0,0,1,1,1,0,0,0,0,1,0,0
152,天翼超高清,2020/12/11,天翼视讯传媒有限公司,影音娱乐,0,0,1,1,0,0,0,0,0,1,1,1,0,0,0,0,0,0,0
153,91看电视,2020/3/25,深圳焦响百视视讯科技有限公司,影音娱乐,0,0,1,1,0,1,0,0,1,1,1,1,0,0,0,0,1,0,0
154,电视直播大全,2020/11/23,重庆融特通信技术有限公司,影音娱乐,0,0,1,1,0,1,0,0,1,1,1,1,0,0,0,0,1,0,0
155,手机电视直播,2019/2/15,深圳市应用多多视讯科技有限公司,影音娱乐,0,0,1,1,0,1,0,0,1,1,1,1,0,0,0,0,0,0,0
156,华数TV,2020/7/24,华数传媒网络有限公司,影音娱乐,0,0,1,1,0,1,0,0,1,1,1,1,0,0,0,0,1,0,0
157,手机电视高清直播,2020/1/1,深圳乡里云网络科技有限公司,影音娱乐,0,0,1,1,0,0,0,0,0,0,1,1,0,0,0,0,0,0,0
158,剧霸TV,2020/5/22,青岛弘耀复进网络科技有限公司,影音娱乐,0,0,1,1,0,1,0,0,0,1,1,1,0,0,0,0,1,0,1
159,爱看电视TV,2020/11/26,珠海星动技术咨询有限公司,影音娱乐,0,0,0,1,0,1,0,0,1,1,1,1,0,0,0,0,0,0,0
160,天猫魔投,2020/3/2,浙江天猫技术有限公司,影音娱乐,0,0,1,1,0,1,0,0,0,1,1,1,0,0,0,0,0,0,0
161,91看手机电视,2020/3/26,深圳焦响百视视讯科技有限公司,影音娱乐,0,0,1,1,0,1,0,0,1,1,1,1,0,0,1,0,1,0,0
162,电视直播大全,2018/11/20,贵阳市欣欣快发科技有限公司,影音娱乐,0,0,0,1,0,1,0,0,0,0,1,1,0,0,0,0,1,0,0
163,汕头橄榄台,2020/8/6,华夏城视网络电视股份有限公司,影音娱乐,1,0,1,1,0,1,0,0,1,1,1,1,0,0,1,0,1,0,0
164,华数手机电视,2019/9/20,华数传媒网络有限公司,影音娱乐,0,1,1,1,0,1,1,0,1,0,1,1,0,0,0,0,1,0,1
165,易连,2020/10/13,深圳市炬力北方微电子有限公司,影音娱乐,0,0,0,0,0,1,0,0,0,1,0,0,0,0,0,0,0,0,0
166,央视综艺春晚,2018/3/16,央视国际网络有限公司,影音娱乐,0,0,0,0,0,0,0,0,0,1,0,0,0,0,0,0,1,0,0
167,熊猫视频,2020/11/28,四川金熊猫新媒体有限公司,影音娱乐,0,0,1,1,0,1,0,0,1,1,1,1,0,0,0,0,1,0,0
168,南方无线电视,2019/1/31,FALSE,影音娱乐,0,0,1,1,0,1,0,0,0,0,1,1,0,0,0,0,1,0,0
169,江西广电网络,2019/6/27,江西省广播电视网络传输有限公司,影音娱乐,1,0,1,1,0,1,0,0,1,1,1,1,0,0,0,0,0,0,1
170,华数电视,2020/11/3,华数传媒网络有限公司,影音娱乐,1,0,1,1,0,1,0,0,1,1,1,1,0,0,1,0,1,0,1
171,吉智视频,2020/11/25,吉林广电新媒体有限公司,影音娱乐,0,1,1,1,0,1,1,0,1,1,1,1,0,0,1,0,1,0,0
172,小象嗨TV,2020/11/30,广西广播电视信息网络股份有限公司,影音娱乐,0,0,1,1,0,1,0,0,0,1,1,1,0,0,0,0,1,0,0
173,梨园,2020/6/20,河南大象融媒体技术有限公司,影音娱乐,0,0,1,1,0,1,0,0,1,1,1,1,0,0,0,0,1,0,0
174,云上河南,2019/10/30,河南广播电视台,影音娱乐,1,0,1,1,0,1,0,0,1,1,1,1,0,0,0,0,1,0,0
175,常州手机台,2019/12/24,常州中吴网传媒有限公司,影音娱乐,0,0,1,1,0,1,0,0,1,1,1,1,0,0,1,0,1,0,0
176,来点,2020/5/6,重庆有线电视网络股份有限公司,影音娱乐,1,1,1,1,0,1,0,0,1,1,1,1,0,0,1,0,1,0,1
177,云剧场,2020/8/31,中投视讯文化传媒（上海）有限公司,影音娱乐,0,0,1,1,0,1,0,0,1,1,1,1,0,0,0,0,1,0,1
178,畅视互娱,2020/11/26,联通在线信息科技有限公司,影音娱乐,0,0,1,1,0,1,0,0,1,1,1,1,0,0,0,0,1,0,1
179,艺恩数据,2019/5/10,艺恩世纪国际信息咨询（北京）有限公司,影音娱乐,0,0,0,1,0,1,0,0,1,1,1,1,0,0,1,0,0,0,1
180,星视界,2020/4/23,长沙县广播电视台,影音娱乐,0,0,1,1,0,1,0,0,1,1,1,1,0,0,0,0,1,0,0
181,乐事TV,2020/9/19,成都东方盛行电子有限责任公司,影音娱乐,0,0,1,1,0,1,0,0,1,1,1,1,0,0,1,0,1,0,1
182,苏州云媒体,2020/7/1,江苏省广电有线信息网络股份有限公司苏州分公司,影音娱乐,0,0,1,1,0,1,0,0,1,1,1,1,0,0,0,0,1,0,0
183,看永州,2020/10/16,永州市广播电视台,影音娱乐,0,0,1,1,0,1,0,0,1,1,1,1,0,0,1,0,1,0,0
184,广元手机台,2020/8/13,广元市广播电视台,影音娱乐,0,0,1,1,0,1,0,0,1,1,1,1,0,0,1,0,1,0,1
185,三峡手机台,2019/12/4,宜昌三峡广电传媒有限责任公司,影音娱乐,1,0,1,1,0,1,0,0,1,1,1,1,0,0,1,0,1,0,1
186,乐播播,2020/12/11,贵州省广播电视信息网络股份有限公司,影音娱乐,0,0,1,1,0,1,0,0,0,1,1,1,0,0,0,0,1,0,0
187,直播泸州,2020/4/5,泸州市电视台,影音娱乐,0,0,1,1,0,1,0,0,1,1,1,1,0,0,0,0,1,0,1
188,球球抓娃娃机,2018/11/2,上海起昱网络科技有限公司,影音娱乐,0,0,0,1,0,1,0,0,1,1,1,1,0,0,0,0,0,0,1
189,甘肃有线,2020/8/4,兰州聚合视讯科技有限公司,影音娱乐,0,0,1,1,0,1,0,0,0,1,1,1,0,0,0,0,0,0,1
190,智慧岳阳,2020/11/27,岳阳市广播电视台,影音娱乐,0,0,0,1,0,1,0,0,0,1,1,1,0,0,0,0,0,0,1
191,橙果娱乐,2019/8/1,FALSE,影音娱乐,0,0,0,1,0,1,0,0,0,0,1,1,0,0,1,0,0,0,0
192,知东营,2020/10/13,东营市东营区广播电视台,影音娱乐,0,0,0,1,0,1,0,1,0,1,1,1,0,0,1,0,1,0,1
193,二哈弹幕,2019/6/4,FALSE,影音娱乐,0,0,0,1,0,1,0,0,0,1,1,1,0,0,0,0,1,0,0
194,悦TV,2018/7/23,广州南广文化传播有限公司,影音娱乐,1,0,0,0,0,1,1,1,1,1,0,0,0,0,0,0,1,0,0
195,神州瑶都手机台,2019/11/26,江华瑶族自治县广播电视台,影音娱乐,0,0,0,1,0,1,0,1,0,1,1,1,0,0,1,0,1,0,1
196,萌宠TV,2020/10/16,北京爱萌宠文化传媒有限公司,影音娱乐,1,0,0,1,0,1,0,0,1,1,1,1,0,0,0,0,1,0,1
197,晓娱,2020/9/15,北京火星拍档文化发展有限公司,影音娱乐,0,0,1,1,0,1,0,0,1,1,1,1,0,0,0,0,1,0,0
198,禺乐+,2019/7/2,广州市番禺有线数字电视网络有限公司,影音娱乐,1,0,1,1,0,1,0,0,1,1,1,1,0,0,0,0,0,0,1
199,优酷视频,2020/12/9,优酷信息技术（北京）有限公司,影音娱乐,1,0,1,1,0,1,0,0,1,1,1,1,0,0,0,0,0,0,1
200,搜狐视频,2020/11/13,北京搜狐新媒体信息技术有限公司,影音娱乐,1,0,1,1,0,1,0,0,1,1,1,1,0,0,1,0,1,0,0
201,皮皮虾,2020/12/3,福建皮皮跳动科技有限公司,影音娱乐,0,0,1,1,0,1,0,0,1,1,1,1,0,0,0,0,0,0,0
202,好看视频,2020/12/11,百度在线网络技术（北京）有限公司,影音娱乐,1,0,1,1,0,1,0,0,1,1,1,1,0,0,0,0,1,0,0
203,爱奇艺随刻,2020/12/10,上海众源网络有限公司,影音娱乐,1,0,1,1,0,1,0,0,1,1,1,1,0,0,1,0,1,0,0
204,抖音极速版,2020/12/3,北京微播视界科技有限公司,影音娱乐,1,0,1,1,0,1,0,0,1,1,1,1,0,0,0,0,1,0,0
205,腾讯视频,2020/12/4,腾讯科技（北京）有限公司,影音娱乐,1,0,1,1,0,1,0,0,1,1,1,1,0,0,0,0,1,0,0
206,西瓜视频,2020/12/10,北京字节跳动科技有限公司,影音娱乐,0,0,1,1,0,1,0,0,1,1,1,1,0,0,0,0,1,0,0
207,爱奇艺,2020/11/26,北京爱奇艺科技有限公司,影音娱乐,1,0,1,1,0,1,0,0,1,1,1,1,0,0,1,0,1,0,0
208,快手极速版,2020/12/8,北京快手科技有限公司,影音娱乐,1,0,1,1,0,1,0,0,1,1,1,1,0,0,1,0,0,0,0
209,哔哩哔哩,2020/11/26,上海宽娱数码科技有限公司,影音娱乐,0,0,1,1,0,1,0,0,1,1,1,1,0,0,0,0,1,0,0
210,韩剧TV,2020/12/2,上海宝云网络科技有限公司,影音娱乐,0,0,1,1,0,1,0,0,1,1,1,1,0,0,0,0,1,0,0
211,影视大全,2020/11/27,金华锦尚科技有限公司,影音娱乐,0,0,1,1,0,1,0,0,0,1,1,1,0,0,0,0,1,0,0
212,央视频,2020/11/27,中央广播电视总台,影音娱乐,0,0,0,1,0,0,0,0,1,1,1,1,0,0,0,0,1,0,0
213,人人视频,2020/12/1,重庆剧迷网络科技有限公司,影音娱乐,0,0,1,1,0,1,0,0,1,1,1,1,0,0,0,0,0,0,0
214,影视大全纯净版,2020/11/18,沁阳聚视网络科技有限公司,影音娱乐,0,0,1,1,0,1,0,1,1,1,1,1,0,0,1,0,1,0,0
215,咪咕视频,2020/12/3,咪咕视讯科技有限公司,影音娱乐,0,0,1,1,0,1,0,1,1,1,1,1,0,0,1,0,1,0,0
216,火山极速版,2020/10/12,北京微播视界科技有限公司,影音娱乐,1,0,1,1,0,1,0,0,1,1,1,1,0,0,0,0,1,0,0
217,央视影音,2020/12/1,央视国际网络有限公司,影音娱乐,0,0,1,1,0,1,0,0,0,1,1,1,0,0,0,0,0,0,0
218,热火视频,2020/11/13,南京超创信息科技有限公司,影音娱乐,0,0,1,1,0,1,0,0,0,0,1,1,0,0,0,0,0,0,0
219,糖豆,2020/12/8,北京梦之窗数码科技有限公司,影音娱乐,0,0,1,1,0,1,0,0,1,1,1,1,0,0,0,0,1,0,0
220,快看点,2020/12/9,北京云掣科技有限公司,影音娱乐,0,0,0,1,0,1,0,0,1,1,1,1,0,0,0,0,1,0,0
221,乐视视频,2020/12/8,乐视网信息技术（北京）股份有限公司,影音娱乐,1,1,1,1,0,1,0,0,1,1,1,1,0,0,1,0,1,0,1
222,腾讯视频极速版,2020/12/3,腾讯科技（北京）有限公司,影音娱乐,0,0,1,1,0,0,0,0,1,0,1,1,0,0,0,0,1,0,0
223,百搜视频,2020/12/11,北京小度互娱科技有限公司,影音娱乐,0,0,1,1,0,0,0,0,0,0,1,1,0,0,0,0,1,0,0
224,豆趣视频,2020/12/10,河南凝紫电子科技有限公司,影音娱乐,1,0,1,1,0,1,0,0,0,1,1,1,0,0,0,1,1,1,1
225,南瓜电影,2020/12/11,北京晓明筑梦数据服务有限公司,影音娱乐,0,1,1,1,0,1,1,0,1,1,1,1,0,0,1,0,1,0,1
226,爱奇艺HD,2020/12/4,北京爱奇艺科技有限公司,影音娱乐,0,0,1,1,0,1,0,0,0,1,1,1,0,0,1,0,1,0,0
227,AcFun,2020/12/8,北京弹幕网络科技有限公司,影音娱乐,0,0,1,1,0,0,0,0,1,1,1,1,0,0,0,0,0,0,0
228,快手直播伴侣,2020/12/9,北京快手科技有限公司,影音娱乐,0,0,1,1,0,1,0,0,1,1,1,1,0,0,0,0,0,0,0
229,腾讯视频 HD,2019/10/19,腾讯科技（北京）有限公司,影音娱乐,0,0,1,1,0,1,0,0,1,1,1,1,0,0,0,0,1,0,0
230,配音秀,2020/11/20,杭州秀秀科技有限公司,影音娱乐,0,0,1,1,0,1,0,0,1,1,1,0,0,0,0,0,1,0,0
231,妙看赚钱,2020/12/8,上海呔咯网络科技有限公司,影音娱乐,0,0,1,1,0,1,0,0,1,1,1,1,0,0,0,0,1,0,0
232,刷宝短视频,2020/11/23,海南头角信息科技有限公司,影音娱乐,1,0,1,1,0,1,0,0,1,1,1,1,0,0,1,0,1,0,1
233,360影视大全,2020/11/25,温州市迅驰数码科技有限公司,影音娱乐,0,0,1,1,0,0,0,0,0,0,1,1,0,0,0,0,1,0,0
234,PP视频,2020/12/11,上海聚力传媒技术有限公司,影音娱乐,1,0,1,1,0,1,0,0,0,1,1,1,0,0,0,0,1,0,0
235,七七影视大全,2020/12/11,安徽省鲲娱互联网有限公司,影音娱乐,0,0,1,1,0,1,0,0,1,1,1,1,0,0,0,0,1,0,0
236,戏曲多多,2020/12/11,北京电音多多科技有限公司,影音娱乐,0,0,0,1,0,0,0,0,0,1,1,1,0,0,0,0,0,0,0
260,小红书,2020/12/9,行吟信息科技（上海）有限公司,社交通讯,1,0,1,1,0,1,0,0,1,1,1,1,0,0,1,0,1,0,0
261,最右,2020/12/11,北京小川在线网络技术有限公司,社交通讯,0,0,1,1,0,1,0,0,1,1,1,1,0,0,0,0,0,0,0
262,皮皮搞笑,2020/12/11,深圳市昌盛昌科技有限公司,社交通讯,0,0,0,1,0,1,0,0,1,1,1,1,0,0,0,0,0,0,0
263,知乎,2020/12/9,智者四海（北京）技术有限公司,社交通讯,1,0,1,1,0,1,0,0,1,1,1,1,0,0,0,0,1,0,0
264,百变大侦探-剧本杀,2020/11/16,北京久幺幺科技有限公司,社交通讯,0,0,1,1,0,1,0,0,1,1,1,1,0,0,1,0,1,0,0
265,约单,2020/7/24,嘉泽无限（北京）网络科技有限公司,社交通讯,1,0,1,1,0,1,0,0,1,1,1,1,0,0,0,0,1,0,0
266,测测星座,2020/10/19,北京力拓飞远科技有限公司,社交通讯,0,0,1,1,0,1,0,0,1,1,1,1,0,0,1,0,0,0,0
267,皮皮陪玩,2020/11/27,武汉岚晨网络科技有限公司,社交通讯,0,0,1,1,0,1,0,0,1,1,1,1,0,0,0,0,1,0,0
268,克拉克拉,2020/12/1,深圳市有信网络技术有限公司,社交通讯,0,1,1,1,0,1,0,0,1,1,1,1,0,0,0,0,1,0,0
269,球会体育,2020/11/13,深圳市星硕互娱科技有限公司,社交通讯,0,0,1,1,0,1,0,0,1,1,1,1,0,0,0,0,1,0,0
270,绿洲,2020/12/8,新浪网技术（中国）有限公司,社交通讯,1,0,1,1,0,0,0,0,1,1,1,1,0,0,0,0,0,0,0
271,球球体育,2019/8/5,深圳市彩娱互动科技有限公司,社交通讯,1,0,1,1,0,1,0,0,1,1,1,1,0,0,0,0,1,0,0
272,玩伴,2020/12/10,北京任之信息技术有限公司,社交通讯,0,0,1,1,0,0,0,0,1,1,1,1,0,0,0,0,1,0,0
273,2048球球,2020/12/8,海南长留网络科技有限公司,社交通讯,0,0,0,1,0,0,0,0,0,0,1,1,0,0,0,0,0,0,0
274,小鹿陪玩,2020/12/1,广州虎牙信息科技有限公司,社交通讯,0,0,1,1,0,1,0,0,1,1,1,1,0,0,0,0,1,0,0
275,皮玩,2020/10/30,海南畅音网络技术有限公司,社交通讯,0,0,1,1,0,1,0,0,1,1,1,1,0,0,0,0,1,0,0
276,耳觅,2020/11/23,北京星河时代信息技术有限公司,社交通讯,1,0,1,1,0,1,0,0,1,1,1,1,0,0,0,0,1,0,0
277,闲趣岛,2020/12/5,北京博学明辨科技有限公司,社交通讯,0,0,1,1,0,1,0,0,1,1,1,1,0,0,0,0,1,0,0
278,LOFTER,2020/11/24,网易（杭州）网络有限公司,社交通讯,0,0,1,1,0,1,0,0,1,1,1,1,0,0,0,0,1,0,0
279,西五街,2020/12/10,北京天下秀广告有限公司,社交通讯,0,0,1,1,0,1,0,0,1,1,1,1,0,0,0,0,1,0,1
280,微博,2020/12/9,新浪网技术（中国）有限公司,社交通讯,1,0,1,1,0,0,0,0,1,1,1,1,0,0,1,1,1,0,0
281,Jumpin,2020/11/19,郑州卯一科技有限公司,社交通讯,0,0,1,1,0,1,0,0,1,1,1,1,0,0,0,0,1,0,0
282,百度贴吧,2020/12/8,百度在线网络技术（北京）有限公司,社交通讯,1,0,1,1,0,1,1,1,1,1,1,1,0,0,0,0,1,0,1
283,Blued,2020/12/3,北京蓝城兄弟文化传媒有限公司,社交通讯,0,0,1,1,0,1,0,0,1,1,1,1,0,0,0,0,1,0,0
284,开心魔法消消乐,2020/12/4,南京魔度互娱信息技术有限公司,社交通讯,0,0,1,0,0,1,0,0,0,0,0,1,0,0,0,0,1,0,0
285,豆瓣,2020/12/9,北京豆网科技有限公司,社交通讯,0,0,1,1,0,1,0,0,0,1,1,1,0,0,0,0,0,0,0
286,掌上英雄联盟,2020/11/24,深圳市腾讯计算机系统有限公司,社交通讯,0,1,1,1,0,1,0,1,1,1,1,1,0,0,0,0,1,0,0
287,和平营地,2020/11/27,深圳市腾讯计算机系统有限公司,社交通讯,0,0,1,1,0,1,0,0,1,1,1,1,0,0,0,0,1,0,0
288,易班,2020/11/19,上海易班企业发展有限公司,社交通讯,1,0,0,1,0,1,0,0,1,1,1,1,0,0,0,0,1,0,0
289,美篇,2020/12/9,南京蓝鲸人网络科技有限公司,社交通讯,1,1,1,1,0,1,1,1,1,1,1,1,0,0,1,0,1,0,0
290,玩吧,2020/11/12,北京默契破冰科技有限公司,社交通讯,0,0,1,1,0,1,0,0,1,1,1,1,0,0,0,0,1,0,0
291,QQ空间,2020/8/26,腾讯科技（深圳）有限公司,社交通讯,0,0,1,1,0,1,0,0,1,1,1,1,0,0,0,0,1,0,0
292,狼人杀,2020/12/8,上海娱公竞宇网络有限公司,社交通讯,0,0,1,1,0,1,0,0,1,1,1,1,0,0,0,0,1,0,0
293,太空杀,2020/12/10,北京任之信息技术有限公司,社交通讯,0,0,1,1,0,1,0,0,1,1,1,1,0,0,0,0,1,0,0
294,极限跳跃,2020/12/5,深圳市统掌科技有限公司,社交通讯,1,0,0,1,0,1,0,0,0,0,1,1,0,0,1,0,1,0,0
295,狼人杀,2020/10/13,杭州网易雷火科技有限公司,社交通讯,0,0,1,1,0,1,0,0,1,1,1,1,0,0,1,0,0,0,0
296,花粉俱乐部,2020/12/11,华为终端有限公司,社交通讯,0,0,0,1,0,0,0,0,0,0,1,0,0,0,1,0,0,0,0
297,志愿汇,2020/11/23,杭州益存科技有限公司,社交通讯,0,0,1,1,0,1,0,0,1,1,1,1,0,0,0,0,1,0,1
298,积目,2020/12/7,湖南高佳网络信息有限公司,社交通讯,0,0,1,1,0,1,0,0,1,1,1,1,0,0,0,0,1,0,1
299,脉脉,2020/12/11,北京淘友天下科技发展有限公司,社交通讯,1,0,1,1,0,1,0,0,1,1,1,0,0,0,0,1,1,0,0
300,打爆怪兽,2020/11/21,福州来玩互娱网络科技有限公司,社交通讯,0,0,0,1,0,1,0,0,0,0,1,1,0,0,0,0,0,0,0
301,成语摇钱树,2020/11/25,北京亿玖光年科技有限公司,社交通讯,0,0,0,1,0,1,0,0,0,0,1,1,0,0,0,0,0,0,0
302,掌上WeGame,2020/12/2,深圳市腾讯计算机系统有限公司,社交通讯,0,0,1,1,0,1,0,0,1,1,1,1,0,0,0,0,1,0,0
303,微博国际版,2020/12/4,新浪网技术（中国）有限公司,社交通讯,1,0,1,1,0,1,0,0,1,1,1,1,0,0,1,0,1,0,0
304,云顶天天赚,2020/11/26,北京数字一百信息技术有限公司,社交通讯,0,0,1,1,0,1,0,0,0,0,1,1,0,0,0,0,1,0,0
305,聊天语音包变声器,2020/11/30,南京未来鸿网络科技有限公司,社交通讯,1,0,1,1,0,1,0,0,1,1,1,1,0,0,0,0,0,0,0
306,半次元,2020/11/24,杭州王耀网络科技有限公司,社交通讯,0,0,0,1,0,0,0,0,0,1,1,1,0,0,0,0,1,0,0
307,恋爱脱单话术大师,2020/10/20,南京未来鸿网络科技有限公司,社交通讯,0,0,0,1,0,0,0,0,0,0,1,1,0,0,0,0,0,0,0
308,小精灵美化,2020/12/3,重庆市九吨科技有限公司,社交通讯,0,0,1,1,0,1,0,0,1,1,1,1,0,0,0,0,1,0,0
309,哈罗摩托,2020/12/9,苏州摩多多信息科技有限公司,社交通讯,0,0,1,1,0,1,0,0,1,1,1,1,0,0,1,0,1,0,1
310,网易BUFF,2020/12/9,杭州网易雷火科技有限公司,社交通讯,0,0,0,1,0,0,0,0,0,0,1,1,0,0,0,0,0,0,0
311,nice,2020/12/7,北京极赞科技有限公司,社交通讯,1,0,1,1,0,1,0,0,1,1,1,0,0,0,1,0,1,0,0
312,奇妙派对,2020/11/24,深圳奇妙能力科技有限公司,社交通讯,0,0,0,1,0,1,0,0,1,1,1,1,0,0,1,0,1,0,0
313,爱发电,2020/11/17,海南风泽科技有限公司,社交通讯,0,0,1,1,0,1,0,0,0,1,1,1,0,0,0,0,1,0,0
314,微密圈,2020/11/12,成都空狐网络科技有限公司,社交通讯,1,0,1,1,0,1,0,0,1,1,1,1,0,0,1,0,1,0,0
315,2048球球碰碰乐,2020/12/11,北京千极移动科技有限责任公司,社交通讯,0,0,0,1,0,0,0,0,0,0,1,1,0,0,0,0,1,0,0
316,CSDN,2020/12/7,北京创新乐知信息技术有限公司,社交通讯,1,0,1,1,0,1,0,0,1,1,1,1,0,0,1,0,1,0,0
317,PU口袋校园,2020/12/3,苏州天宫信息技术有限公司,社交通讯,1,0,1,1,0,1,0,0,1,1,1,1,0,0,1,0,1,0,1
318,菱菱邦,2020/12/4,北京云漾信息科技有限公司,社交通讯,1,0,1,1,0,1,0,0,1,1,1,1,0,0,0,0,1,0,0
319,迷你盒子,2020/12/9,深圳市迷你玩科技有限公司,社交通讯,0,0,1,1,0,1,0,0,1,1,1,1,0,0,0,0,1,0,1
320,微博超话,2020/12/9,星潮信息技术（成都）有限公司,社交通讯,0,0,0,1,0,1,0,0,0,1,1,1,0,0,0,0,1,0,0
321,NGA玩家社区,2020/12/3,北京月神之箭网络科技有限公司,社交通讯,1,0,1,1,0,1,0,0,1,1,1,1,0,0,0,0,1,0,0
322,名人朋友圈,2020/12/7,武汉华中时讯科技有限责任公司,社交通讯,1,0,1,1,0,1,0,0,1,1,1,1,0,0,1,0,1,0,0
323,Owhat Family,2020/9/28,北京全星时空科技有限公司,社交通讯,1,0,1,1,0,1,0,0,1,1,1,1,0,0,1,0,1,0,1
324,泰剧社,2020/11/26,苏州小块头网络科技有限公司,社交通讯,0,0,0,1,0,0,0,0,0,1,1,1,0,0,0,0,0,0,0
325,简书,2020/11/10,上海佰集信息科技有限公司,社交通讯,1,0,0,1,0,1,0,1,0,1,1,1,0,0,0,0,1,0,0
326,大圣电竞,2020/12/2,海南大圣娱乐有限公司,社交通讯,1,0,1,1,0,1,0,0,1,1,1,1,0,0,0,0,1,0,0
327,泰剧迷,2020/11/27,苏州青雾网络科技有限公司,社交通讯,0,0,0,1,0,0,0,0,0,1,1,1,0,0,0,0,0,0,0
328,住这儿,2020/11/19,深圳市第五空间网络科技有限公司,社交通讯,0,0,1,1,0,1,0,0,1,1,1,1,0,0,0,0,1,0,1
329,Summer,2020/11/12,北京夏天爱恋科技有限公司,社交通讯,0,0,1,1,0,1,0,0,1,1,1,1,0,0,0,0,1,0,0
330,277乐园,2020/12/11,大连嘉游网络科技有限公司,社交通讯,0,0,0,1,0,0,0,0,0,1,1,0,0,0,0,0,0,0,0
331,剧本杀,2020/12/11,沈阳美嘉信息科技股份有限公司,社交通讯,0,0,1,1,0,1,0,0,1,1,1,1,0,0,0,0,1,0,1
332,Vyou微你,2020/11/20,北京波粒子科技有限公司,社交通讯,0,0,0,1,0,0,0,0,1,1,1,1,0,0,0,0,0,0,0
333,米兔,2020/11/16,上海小寻科技有限公司,社交通讯,1,1,1,1,0,1,1,1,1,1,1,1,0,0,1,1,0,0,1
334,积木,2020/12/3,盐城和派商务信息咨询有限公司,社交通讯,0,0,1,1,0,1,0,0,1,1,1,1,0,0,0,0,1,0,0
335,爱豆,2020/11/27,深圳市爱豆网络技术有限公司,社交通讯,0,0,1,1,0,1,0,0,1,1,1,1,0,0,0,0,1,0,0
336,Crimaster犯罪大师,2020/12/8,青岛车门网络科技有限公司,社交通讯,1,0,1,1,0,1,0,0,1,1,1,1,0,0,1,1,1,0,1
337,消除星星乐,2020/12/3,无锡孜芽萍加邢薰司,社交通讯,0,0,0,1,0,1,0,0,0,0,1,1,0,0,0,0,0,0,0
338,钓鱼人,2020/11/23,济南渔乐在线信息技术有限公司,社交通讯,0,0,1,1,0,1,0,0,1,1,1,1,0,0,0,0,1,0,0
339,Share微博,2020/12/10,深圳市龙岗区恒业网络科技工作室,社交通讯,0,0,1,1,0,1,0,0,1,1,1,0,0,0,0,0,0,0,0
340,YY手游语音,2020/12/5,广州华多网络科技有限公司,社交通讯,0,0,1,1,0,1,0,0,1,1,1,1,0,0,1,0,1,0,0
341,贴吧极速版,2020/6/8,北京百度网讯科技有限公司,社交通讯,0,0,1,1,0,1,1,1,1,1,1,1,0,0,0,0,1,0,1
342,天涯社区,2020/11/18,天涯社区网络科技股份有限公司,社交通讯,1,0,0,1,0,1,0,0,1,1,1,1,0,0,0,0,1,0,0
343,云岭先锋,2020/12/10,云南红岭云科技股份有限公司,社交通讯,0,0,0,1,0,1,0,0,1,1,1,1,0,0,0,0,0,0,0
344,Tell,2020/11/10,深圳谨启科技有限公司,社交通讯,0,0,1,1,0,0,0,0,1,1,1,1,0,0,0,0,1,0,0
345,Among Us,2020/12/10,北京默契破冰科技有限公司,社交通讯,0,0,1,1,0,1,0,0,1,1,1,1,0,0,0,0,1,0,0
346,站酷,2020/9/2,北京站酷网络科技有限公司,社交通讯,1,0,1,1,0,1,0,0,1,1,1,1,0,0,1,0,1,0,1
347,纸书,2020/10/30,深圳纸链科技有限公司,社交通讯,0,0,0,1,0,0,0,0,1,1,1,1,0,0,0,0,0,0,0
348,微博极速版,2020/12/4,新浪网技术（中国）有限公司,社交通讯,1,0,1,1,0,1,0,0,1,1,1,1,0,0,1,0,1,0,0
349,豪车毒,2019/10/24,杭州航恩电子商务有限公司,社交通讯,0,0,1,1,0,1,0,0,0,1,1,1,0,0,0,0,1,0,0
350,逆战助手,2020/12/9,深圳市腾讯计算机系统有限公司,社交通讯,0,0,1,1,0,1,0,0,1,1,1,1,0,0,0,0,1,0,0
351,脸疼,2020/12/12,南京石匠网络科技有限公司,社交通讯,0,0,1,1,0,1,0,0,1,1,1,1,0,0,0,0,1,0,0
352,去哪儿钓鱼,2020/12/9,北京去哪钓网络科技有限公司,社交通讯,0,0,1,1,0,1,0,0,0,1,1,1,0,0,0,0,1,0,0
353,彩虹,2019/12/5,秦皇岛市路人说网络技术服务有限公司,社交通讯,0,0,0,1,0,1,0,0,1,1,1,0,0,0,0,0,0,0,0
354,网鱼,2020/12/3,上海网鱼信息科技有限公司,社交通讯,0,0,1,1,0,1,0,0,1,1,1,1,0,0,0,0,1,0,1
355,LESDO,2020/12/11,广州影游天下网络科技有限公司,社交通讯,1,0,1,1,0,1,0,0,1,1,1,1,0,0,1,1,0,0,0
356,方块爱消除,2020/12/11,海南长留网络科技有限公司,社交通讯,0,0,0,1,0,1,0,0,0,0,1,1,0,0,0,0,0,0,0
357,恋爱聊天话术库,2020/11/27,深圳市掌捷科技有限公司,社交通讯,0,0,1,1,0,1,0,0,0,0,1,1,0,0,0,0,0,0,0
358,RELX ME,2020/11/20,深圳雾芯科技有限公司,社交通讯,0,0,1,1,0,1,0,0,1,1,1,1,0,0,0,0,1,0,0
359,疯狂你演我猜,2019/11/4,广州月欣贸易有限公司,社交通讯,0,0,1,1,0,1,0,0,1,1,1,1,0,0,0,0,1,0,0
360,懂表帝,2020/9/15,深圳成子科技有限公司,社交通讯,0,0,1,1,0,0,0,0,0,1,1,0,0,0,0,0,0,0,0
417,一点英语,2020/12/4,深圳无觅科技有限公司,教育,1,0,0,1,0,1,0,0,1,1,1,1,0,0,0,0,0,0,0
418,开言英语先锋版,2020/12/3,北京点点看看科技有限公司,教育,0,0,1,1,0,0,0,0,1,1,1,1,0,0,1,0,0,0,0
419,沪江网校,2020/11/26,沪江教育科技（上海）股份有限公司,教育,0,0,1,1,0,0,0,0,1,1,1,1,0,0,0,0,0,0,0
420,英孚英语 24x7,2020/9/23,上海英培商务咨询有限公司,教育,0,0,0,1,0,1,0,0,1,1,1,1,0,0,0,0,1,0,0
421,VIPKID英语,2020/12/1,北京大米科技有限公司,教育,1,0,1,1,0,1,0,0,1,1,1,1,0,0,0,1,1,0,0
422,小站雅思,2020/12/10,上海业霆网络科技有限公司,教育,0,0,1,1,0,1,0,0,1,1,1,1,0,0,0,0,1,0,0
423,DaDa英语,2020/12/8,上海卓赞教育科技有限公司,教育,1,0,0,1,0,1,0,0,1,1,1,1,0,0,0,1,1,0,1
424,伴鱼绘本,2020/12/10,北京读我科技有限公司,教育,0,0,0,1,0,1,0,0,1,1,1,1,0,0,0,0,0,0,0
425,开言英语,2020/12/8,北京点点看看科技有限公司,教育,0,0,1,1,0,0,0,0,1,1,1,1,0,0,0,0,0,0,0
426,星火英语,2020/11/19,山东星火国际传媒集团有限公司,教育,0,0,1,1,0,1,0,0,1,1,1,1,0,0,0,0,1,0,1
427,流利说-英语,2020/12/2,上海流利说信息技术有限公司,教育,0,0,0,1,0,0,0,0,1,1,1,1,0,0,0,0,1,0,0
428,斑马AI课,2020/11/30,北京猿力教育科技有限公司,教育,0,0,1,1,0,1,0,0,1,1,1,1,0,0,0,0,0,0,1
429,傻瓜英语,2020/12/3,易界在线网络技术（北京）有限公司,教育,0,0,0,1,0,0,0,0,1,0,1,1,0,0,0,0,0,0,0
430,英语趣配音,2020/12/1,杭州菲助科技有限公司,教育,1,0,1,1,0,1,0,0,1,1,1,1,0,0,0,0,1,0,0
431,阿卡索AI英语课堂,2020/12/12,深圳市阿卡索资讯股份有限公司,教育,0,0,1,1,0,0,0,0,1,1,1,1,0,0,0,0,1,0,1
432,土豆雅思,2020/12/9,北京治学教育科技有限公司,教育,0,0,1,1,0,1,0,0,1,1,1,1,0,0,0,0,1,0,0
433,阿卡索英语,2020/12/12,深圳市阿卡索资讯股份有限公司,教育,0,0,1,1,0,0,0,0,1,1,1,1,0,0,0,0,1,0,0
434,宝宝玩英语,2020/11/17,北京启萌教育科技有限公司,教育,1,0,1,1,0,1,0,0,1,1,1,1,0,0,1,0,1,0,0
435,阿卡索少儿英语,2020/11/6,深圳市阿卡索资讯股份有限公司,教育,0,0,1,1,0,0,0,0,1,1,1,1,0,0,0,0,1,0,0
436,葡萄英语儿童英语启蒙平台,2020/12/11,北京葡萄智学科技有限公司,教育,0,0,1,1,0,1,0,0,1,1,1,1,0,0,0,0,1,0,0
437,每日英语听力,2020/12/9,上海言茨科技中心,教育,0,0,1,1,0,0,0,0,1,1,1,1,0,0,1,0,1,0,0
438,考虫,2020/12/2,北京多知科技有限公司,教育,0,1,0,1,0,0,1,0,1,1,1,1,0,0,0,0,1,0,0
439,扇贝单词英语版,2020/12/10,南京贝湾信息科技有限公司,教育,0,0,0,1,0,0,0,0,1,0,1,1,0,0,0,0,1,0,0
440,墨墨背单词,2020/12/12,清远墨墨教育科技有限公司,教育,0,0,0,1,0,0,0,0,1,0,1,0,0,0,0,0,0,0,0
441,多邻国Duolingo英语日语法语,2020/12/8,北京多邻国科技有限公司,教育,0,0,0,1,0,0,0,0,1,0,1,0,0,0,1,0,1,0,0
442,金山词霸,2020/11/23,珠海金山办公软件有限公司,教育,0,0,1,1,0,0,0,0,1,1,1,0,0,0,1,0,0,0,0
443,CCtalk,2020/11/26,上海享互网络科技有限公司,教育,0,0,1,1,0,1,0,0,1,1,1,1,0,0,0,0,1,0,0
444,可可英语,2020/11/11,北京可可网络科技有限公司,教育,0,0,1,1,0,0,0,0,1,1,1,0,0,0,0,0,1,0,0
445,51Talk英语,2020/12/7,北京大生在线科技有限公司,教育,0,0,1,1,0,0,0,0,1,1,1,1,0,0,1,0,0,0,0
446,粉笔四六级,2020/12/2,北京粉笔蓝天科技有限公司,教育,0,0,0,1,0,0,0,0,1,1,1,1,0,0,0,0,0,0,0
447,口语100,2020/11/18,上海啸览技术开发中心,教育,0,0,0,1,0,0,0,0,1,1,1,1,0,0,0,0,0,0,0
448,E听说,2019/10/14,广州讯飞易听说网络科技有限公司,教育,0,0,0,1,0,0,0,0,0,0,1,0,0,0,0,0,0,0,0
449,翼课学生,2020/8/20,广州摩翼信息科技有限公司,教育,0,0,1,1,0,1,0,0,1,1,1,0,0,0,1,0,1,0,0
450,扇贝听力,2020/12/11,南京贝湾信息科技有限公司,教育,0,0,0,1,0,0,0,0,1,0,1,1,0,0,0,0,1,0,0
451,iTEST爱考试,2020/12/4,北京外研在线数字科技有限公司,教育,0,0,1,1,0,1,0,0,1,0,1,1,0,0,0,0,1,0,0
452,新概念英语全四册,2020/12/10,北京爱语吧科技有限公司,教育,1,1,1,1,0,1,1,1,1,1,1,1,0,0,1,0,1,0,1
453,小小优趣,2020/12/9,海南花生教育科技有限公司,教育,0,0,0,1,0,1,0,0,1,1,1,1,0,0,1,0,0,0,0
454,少儿趣配音,2020/12/8,杭州菲助科技有限公司,教育,0,0,1,1,0,1,0,0,1,1,1,1,0,0,0,0,1,0,0
455,BBC,2020/1/19,爱语言（北京）科技有限公司,教育,0,1,0,1,0,1,1,0,1,1,1,1,0,0,1,0,0,0,0
456,FiF口语训练 - 学生版,2020/11/11,北京外研讯飞教育科技有限公司,教育,0,0,0,1,0,0,0,0,1,1,1,1,0,0,0,0,1,0,0
457,E英语宝,2020/12/2,湖南中泰智本网络科技有限公司,教育,0,0,1,1,0,1,0,0,1,1,1,1,0,0,0,0,1,0,1
458,口语易,2020/11/30,广州飞硕信息科技有限公司,教育,0,0,1,1,0,1,0,0,1,1,1,1,0,0,0,0,1,0,1
459,一笑而过,2020/12/9,长沙思橙教育科技有限公司北京分公司,教育,0,0,1,1,0,1,0,0,1,1,1,1,0,0,0,0,0,0,0
460,爱听外语,2020/12/10,上海外教社信息技术有限公司,教育,0,0,0,1,0,1,0,0,1,1,1,1,0,0,0,0,0,0,0
461,流利说-阅读,2020/12/2,语冠信息技术（上海）有限公司,教育,0,0,1,1,0,0,0,0,1,0,1,1,0,0,0,0,1,0,0
462,HelloTalk,2020/12/3,深圳心慧科技有限公司,教育,0,0,1,1,0,1,0,0,1,1,1,1,0,0,1,0,0,0,0
463,伴鱼少儿英语,2020/12/8,北京读我科技有限公司,教育,0,0,1,1,0,0,0,0,1,1,1,1,0,0,0,0,1,0,0
464,VOA慢速英语,2020/9/30,北京爱语吧科技有限公司,教育,0,1,1,1,0,1,1,1,1,1,1,1,0,0,1,0,1,0,1
465,人教口语,2020/12/7,人教数字出版有限公司,教育,1,1,1,1,0,1,1,1,1,1,1,1,0,0,1,0,1,0,0
466,外研随身学,2020/12/10,北京外研在线数字科技有限公司,教育,0,0,1,1,0,1,0,0,1,1,1,1,0,0,1,0,1,0,1
467,平安好学英语,2020/12/10,北京创意麦奇教育信息咨询有限公司,教育,0,0,1,1,0,1,0,0,1,1,1,1,0,0,0,0,1,0,0
468,VIPKID学习中心,2020/11/30,北京大米科技有限公司,教育,0,0,1,1,0,0,0,0,1,1,1,1,0,0,0,0,1,0,0
469,百词斩爱阅读,2020/12/3,成都超爱学习科技有限公司,教育,0,0,1,0,0,0,0,0,1,1,0,1,0,0,0,0,1,0,0
470,叮咚课堂儿童少儿英语学习平台,2020/12/7,深圳市优乐学科技有限公司,教育,0,0,1,1,0,0,0,0,1,1,1,1,0,0,0,0,1,0,0
471,可可宝贝,2020/12/2,北京可可网络科技有限公司,教育,0,1,1,1,0,1,0,0,1,1,1,0,0,0,0,0,1,0,0
472,TED,2020/11/11,北京爱语吧科技有限公司,教育,1,1,0,1,0,1,1,0,1,1,1,1,0,0,1,0,0,0,0
473,ABC Reading,2020/9/25,南京水源互娱电竞科技有限公司,教育,0,0,0,1,0,1,0,0,1,1,1,1,0,0,0,0,0,0,0
474,知米背单词,2020/12/12,杭州蓝脑教育科技有限公司,教育,0,0,1,1,0,0,0,0,1,1,1,1,0,0,0,0,0,0,0
475,初中英语,2020/12/6,北京爱语吧科技有限公司,教育,1,1,1,1,0,1,1,1,1,1,1,1,0,0,0,0,1,0,1
476,乐词新东方背单词,2020/12/4,乐词网络科技（北京）有限公司,教育,0,0,1,1,0,1,0,0,1,1,1,1,0,0,0,0,1,0,1
477,VOA,2020/6/9,北京爱语吧科技有限公司,教育,0,1,0,1,0,1,1,0,1,1,1,1,0,0,1,0,0,0,0
478,同步学,2020/11/2,深圳市方直科技股份有限公司,教育,0,0,1,1,0,1,0,0,1,0,1,0,0,0,0,0,0,0,0
479,词根单词,2020/10/21,西安高分学视数字技术有限公司,教育,0,0,0,1,0,1,0,0,0,0,1,1,0,0,0,0,1,0,0
480,BBC新闻,2020/5/25,爱语言（北京）科技有限公司,教育,1,1,1,1,0,1,1,1,1,1,1,1,0,0,1,0,1,0,1
481,有道背单词,2020/1/2,网易有道信息技术（北京）有限公司,教育,0,0,1,1,0,0,0,0,1,1,1,1,0,0,0,0,1,0,0
482,伴鱼自然拼读,2020/12/1,北京读我科技有限公司,教育,0,0,1,1,0,0,0,0,1,1,1,1,0,0,0,0,0,0,0
483,闽教学习,2020/12/11,北京智慧流教育科技有限公司,教育,0,0,1,1,0,1,0,0,1,1,1,1,0,0,0,0,1,0,0
484,省心英语,2020/11/23,深圳上翼技术有限公司,教育,0,0,0,1,0,0,0,0,0,1,1,1,0,0,0,0,0,0,0
485,英语音标,2020/10/14,上海异构网络科技有限公司,教育,0,0,1,1,0,0,0,0,1,1,1,1,0,0,1,0,1,0,0
486,懒人英语,2020/12/2,上海异构网络科技有限公司,教育,0,0,1,1,0,0,0,0,1,1,1,1,0,0,0,0,1,0,0
487,四年级英语上册,2020/6/2,嘉兴君政教育科技有限公司,教育,0,0,0,1,0,0,0,0,0,0,1,1,0,0,0,0,0,0,0
488,阿卡索口语秀,2020/11/6,深圳市阿卡索资讯股份有限公司,教育,0,0,1,1,0,0,0,0,1,1,1,1,0,0,0,0,1,0,0
489,新概念英语全册,2020/12/9,陈和凡,教育,0,0,0,1,0,0,0,0,0,0,1,1,0,0,0,0,0,0,0
490,爱课少儿英语,2020/11/29,杭州潘哒教育科技有限公司,教育,0,0,1,1,0,0,0,0,1,1,1,1,0,0,0,0,1,0,0
491,英语四级听力,2020/10/20,北京爱语吧科技有限公司,教育,1,1,1,1,0,1,1,1,1,1,1,1,0,0,1,0,1,0,1
492,BBC英语,2020/10/15,上海画笙智能科技有限公司,教育,0,1,1,1,0,1,1,1,1,1,1,1,0,0,1,0,1,0,1
493,六年级英语上册,2020/6/3,嘉兴君政教育科技有限公司,教育,0,0,0,1,0,0,0,0,0,0,1,1,0,0,0,0,0,0,0
494,拓词,2020/12/8,北京记忆曲线科技有限公司,教育,1,0,1,1,0,0,0,0,0,1,1,1,0,0,0,0,0,0,0
495,Lingumi,2020/12/8,深圳市乐语谜科技有限公司,教育,0,0,0,1,0,0,0,0,1,1,1,0,0,0,0,0,0,0,0
496,大卫熊英语,2020/8/24,广州视睿电子科技有限公司,教育,1,0,0,1,0,0,0,0,1,1,1,1,0,0,1,0,1,0,0
497,中英互译,2020/11/20,梅州小白科技有限责任公司,教育,0,0,0,1,0,1,0,0,1,1,1,1,0,0,1,0,0,0,0
498,有声英语绘本,2020/12/7,陈继岭,教育,0,0,0,0,0,0,0,0,1,0,0,1,0,0,0,0,0,0,0
499,儿童英语外教,2020/8/14,深圳市阿卡索资讯股份有限公司,教育,0,0,1,1,0,0,0,0,1,1,1,1,0,0,0,0,1,0,0
500,英语魔方秀,2020/5/27,维箴科技（北京）有限公司,教育,0,0,1,1,0,0,0,0,1,1,1,1,0,0,0,0,0,0,0
501,英语读书,2020/11/5,北京塔塔时代科技有限公司,教育,0,0,0,1,0,1,0,0,1,1,1,1,0,0,0,0,0,0,0
502,火币info学习,2020/10/23,江西辰嵘网络科技有限公司,教育,0,0,0,1,0,0,0,0,1,0,1,1,0,0,0,0,0,0,0
503,TED英语演讲,2020/12/1,北京爱语吧科技有限公司,教育,1,1,1,1,0,1,1,1,1,1,1,1,0,0,1,0,1,0,1
504,平安好学青少儿,2020/12/11,北京创意麦奇教育信息咨询有限公司,教育,0,0,1,1,0,0,0,0,1,1,1,1,0,0,1,0,1,0,1
505,天天乐学教师,2019/12/3,北京天天乐学教育科技有限公司,教育,0,0,1,1,0,1,0,0,1,1,1,1,0,0,0,0,1,0,0
506,CNN英语,2020/6/6,爱语言（北京）科技有限公司,教育,0,1,0,1,0,1,1,0,1,1,1,1,0,0,1,0,0,0,0
507,雅思哥,2020/12/11,杭州虎刺怕网络科技有限公司,教育,0,0,1,1,0,1,0,0,1,1,1,1,0,0,0,0,0,0,0
508,向日葵阅读,2020/12/11,北京文景时代教育科技有限公司,教育,0,0,1,1,0,0,0,0,1,1,1,1,0,0,0,0,1,0,0
509,小学英语点读,2020/11/3,深圳市方直科技股份有限公司,教育,0,0,1,1,0,1,0,0,1,0,1,0,0,0,0,0,0,0,0
510,VOA常速英语,2020/11/13,北京爱语吧科技有限公司,教育,1,1,1,1,0,1,1,1,1,1,1,1,0,0,1,0,1,0,1
511,有道少儿英语,2020/12/9,网易有道信息技术（北京）有限公司,教育,0,0,1,1,0,1,0,0,1,1,1,1,0,0,0,0,0,0,1
512,世纪高教,2020/11/6,北京世纪学霸图书有限责任公司,教育,0,0,1,1,0,0,0,0,0,1,1,1,0,0,0,0,0,0,0
513,完美万词王,2020/11/27,完美世界控股集团有限公司,教育,0,0,0,1,0,0,0,0,1,1,1,1,0,0,0,0,0,0,0
514,List背单词,2020/12/11,肖文华,教育,0,0,0,1,0,0,0,0,0,0,1,0,0,0,0,0,0,0,0
515,久趣家长端,2020/12/1,厦门千时科技有限公司,教育,0,0,1,1,0,0,0,0,1,1,1,1,0,0,0,0,1,0,0
516,英语六级君,2020/9/23,北京对啊网教育科技有限公司,教育,1,0,1,1,0,1,0,0,1,1,1,1,0,0,1,0,1,0,0
517,小伶英语,2020/11/10,成都伶可文化传播有限公司,教育,0,0,1,1,0,1,0,0,1,1,1,1,0,0,0,0,1,0,0
567,七猫免费小说,2020/12/1,上海七猫文化传媒有限公司,新闻阅读,0,0,0,1,0,0,0,0,0,1,1,1,0,0,0,0,1,0,0
568,番茄免费小说,2020/12/11,北京臻鼎科技有限公司,新闻阅读,0,0,0,1,0,1,0,0,0,1,1,1,0,0,0,0,0,0,1
569,红袖读书,2020/12/7,北京红袖添香科技发展有限公司,新闻阅读,0,0,1,1,0,1,0,0,1,1,1,1,0,0,0,0,1,0,0
570,起点读书,2020/12/7,上海玄霆娱乐信息科技有限公司,新闻阅读,0,0,1,1,0,1,0,0,1,1,1,1,0,0,0,0,1,0,0
571,免费小说大全,2020/12/11,北京点众科技股份有限公司,新闻阅读,0,0,1,1,0,0,0,0,0,0,1,1,0,0,0,0,1,0,0
572,QQ阅读,2020/12/2,上海阅文信息技术有限公司,新闻阅读,0,0,1,1,0,1,0,0,1,1,1,1,0,0,0,0,1,0,0
573,小说阅读吧,2020/12/4,中企瑞铭科技（北京）有限公司,新闻阅读,0,0,1,1,0,0,0,0,0,0,1,1,0,0,0,0,1,0,0
574,书旗免费小说,2020/12/3,广州阿里巴巴文学信息技术有限公司,新闻阅读,0,0,1,1,0,0,0,0,0,1,1,1,0,0,0,0,1,0,0
575,塔读小说免费版,2020/11/18,北京易天新动网络科技有限公司,新闻阅读,0,0,1,1,0,0,0,0,0,1,1,1,0,0,0,0,1,0,0
576,宜搜小说,2020/11/24,深圳宜搜天下科技股份有限公司,新闻阅读,0,0,1,1,0,0,0,0,0,0,1,1,0,0,0,0,1,0,0
577,疯读小说,2020/12/11,上海登庸信息技术有限公司,新闻阅读,0,0,1,1,0,1,0,0,0,1,1,1,0,0,0,0,1,0,0
578,米读极速版,2020/12/7,上海大犀角信息科技有限公司,新闻阅读,1,0,1,1,0,1,0,0,0,1,1,1,0,0,0,0,0,0,0
579,必看免费小说,2020/10/30,北京蓝湾博阅科技有限公司,新闻阅读,0,0,0,1,0,1,0,0,0,1,1,1,0,0,0,0,1,0,1
580,洋葱免费小说,2020/12/3,北京极动创想科技有限公司,新闻阅读,0,0,0,1,0,1,0,0,0,1,1,1,0,0,0,0,1,0,1
581,微信读书,2020/12/4,腾讯科技（深圳）有限公司广州分公司,新闻阅读,0,0,1,1,0,0,0,0,1,1,1,1,0,0,1,0,1,0,0
582,快点,2020/12/11,北京天桐互动科技有限公司,新闻阅读,0,0,0,1,0,1,0,0,1,1,1,1,0,0,0,0,0,0,0
583,追书神器免费版,2020/12/8,上海元聚网络科技有限公司,新闻阅读,1,1,1,1,0,1,0,1,0,1,1,1,0,0,0,0,0,0,0
584,晋江小说阅读,2020/11/13,北京晋江原创网络科技有限公司,新闻阅读,0,0,1,1,0,1,0,0,0,1,1,1,0,0,0,0,1,0,0
585,疯读极速版,2020/12/10,上海登庸信息技术有限公司,新闻阅读,0,0,1,1,0,1,0,0,0,1,1,1,0,0,0,0,1,0,0
586,笔趣阁免费小说,2020/12/10,深圳市达实康科技有限公司,新闻阅读,0,0,1,1,0,1,0,0,1,1,1,1,0,0,0,1,1,0,0
587,爱读小说,2020/12/9,广州趣奇聚网络科技有限公司,新闻阅读,0,0,0,1,0,1,0,0,0,1,1,1,0,0,0,0,1,0,0
588,免费小说大全,2020/12/8,南京奥普自动化科技有限公司,新闻阅读,0,0,0,1,0,0,0,0,0,0,1,1,0,0,0,0,0,0,0
589,手机知网,2020/12/11,《中国学术期刊（光盘版）》电子杂志社有限公司,新闻阅读,0,0,1,1,0,0,0,0,0,1,1,0,0,0,0,0,0,0,0
590,得间免费小说,2020/11/26,北京得间科技有限公司,新闻阅读,0,0,1,1,0,1,0,0,0,1,1,1,0,0,1,0,1,0,0
591,阅友免费小说,2020/11/29,北京阅友科技有限公司,新闻阅读,0,0,0,1,0,1,0,0,0,0,1,1,0,0,0,0,0,0,0
592,掌阅,2020/12/8,掌阅科技股份有限公司,新闻阅读,0,0,1,1,0,0,0,0,1,1,1,1,0,0,0,0,1,0,0
593,橙光,2020/12/9,北京六趣网络科技有限公司,新闻阅读,0,0,0,1,0,0,0,0,0,1,1,1,0,0,0,0,0,0,0
594,咪咕阅读,2020/12/1,咪咕数字传媒有限公司,新闻阅读,0,0,1,1,0,0,0,0,1,1,1,1,0,0,1,0,1,0,0
595,小书亭,2020/11/5,山东掌通检测技术有限公司,新闻阅读,0,0,0,1,0,1,0,0,0,1,1,1,0,0,0,0,0,0,0
596,搜狗免费小说,2020/11/16,北京搜狗网络技术有限公司,新闻阅读,0,0,1,1,0,1,0,0,0,0,1,1,0,0,0,0,1,0,0
597,免费小说全集,2020/12/7,北京点众科技股份有限公司,新闻阅读,0,0,1,1,0,0,0,0,0,0,1,1,0,0,0,0,1,0,0
598,藏书馆,2020/12/11,厦门简帛云生态科技有限公司,新闻阅读,0,0,1,1,0,1,0,0,1,1,1,1,0,0,1,0,1,0,0
599,坚果免费小说,2020/11/10,北京众阅科技有限公司,新闻阅读,0,0,0,1,0,1,0,0,0,1,1,1,0,0,0,0,1,0,1
600,连尚读书,2020/12/8,南京大众书网图书文化有限公司,新闻阅读,0,0,0,1,0,0,0,0,0,1,1,1,0,0,1,0,1,0,0
601,当当云阅读,2020/11/30,当当数媒（武汉）电子商务有限公司,新闻阅读,1,0,1,1,0,1,0,0,1,1,0,1,0,0,0,0,1,0,0
602,京东读书,2020/12/8,北京京东世纪贸易有限公司,新闻阅读,0,0,1,1,0,1,0,0,0,1,1,1,0,0,0,0,1,0,0
603,全本免费小说阅读器,2020/10/12,北京春秋时代科技发展有限公司,新闻阅读,0,0,1,1,0,1,0,0,0,1,1,1,0,0,0,0,1,0,0
604,飞卢小说,2020/12/11,北京腾飞克科技有限公司,新闻阅读,0,1,1,1,0,0,1,1,0,1,1,1,0,0,0,0,1,0,0
605,爱奇艺阅读,2020/11/30,北京爱奇艺科技有限公司,新闻阅读,0,0,1,1,0,1,0,0,0,1,1,1,0,0,0,0,1,0,0
606,米读小说,2020/11/12,上海大犀角信息科技有限公司,新闻阅读,0,0,1,1,0,1,0,0,0,1,1,1,0,0,0,0,0,0,0
607,Kindle阅读,2020/11/9,亚马逊信息服务（北京）有限公司,新闻阅读,0,0,0,1,0,0,0,0,0,0,1,1,0,0,1,0,1,0,0
608,话本小说,2020/11/28,天津量子时代网络科技有限公司,新闻阅读,0,0,1,1,0,1,0,0,1,1,1,1,0,0,0,0,1,0,0
609,笔趣书阁,2020/11/2,哈尔滨华设网络科技有限公司,新闻阅读,0,0,0,1,0,1,0,0,0,0,1,1,0,0,0,0,0,0,0
610,点阅小说大全,2020/11/26,北京硬核聚视科技有限公司,新闻阅读,0,0,0,1,0,1,0,0,0,1,1,1,0,0,0,0,1,0,0
611,书耽耽美小说,2020/10/9,杭州萌军网络科技有限公司,新闻阅读,0,0,1,1,0,0,0,0,0,1,1,1,0,0,0,0,1,0,0
612,书旗小说极速版,2020/12/4,广州阿里巴巴文学信息技术有限公司,新闻阅读,0,0,1,1,0,0,0,0,0,1,1,1,0,0,0,0,1,0,0
613,搜狗阅读,2020/12/3,北京搜狗网络技术有限公司,新闻阅读,0,1,1,1,0,1,1,1,1,0,1,1,0,0,0,0,1,0,0
614,TXT全本免费小书亭,2020/11/26,武汉指尖趣阅科技发展有限公司,新闻阅读,0,0,0,1,0,1,0,0,1,1,1,1,0,0,0,0,1,0,0
615,笔趣书阁免费小说,2020/12/12,深圳市琊明兆科技有限公司,新闻阅读,0,0,1,1,0,1,0,0,1,1,1,1,0,0,0,0,1,0,0
616,长佩阅读,2020/12/7,北京长佩网络科技有限公司,新闻阅读,0,0,1,1,0,1,0,0,0,1,1,1,0,0,0,0,1,0,1
617,搜书大师,2020/12/8,深圳静读信息技术有限公司,新闻阅读,0,0,0,1,0,1,0,0,0,0,1,1,0,0,0,0,0,0,0
618,饭团看书,2020/11/16,深圳市聚乾科技开发有限公司,新闻阅读,1,0,0,1,0,1,0,0,0,0,1,1,0,0,0,0,1,0,0
619,TXT全本免费小说,2020/11/3,北京掌上卓阅科技发展有限公司,新闻阅读,0,0,1,1,0,1,0,0,0,1,1,1,0,0,0,0,1,0,0
620,豆豆免费小说,2020/12/11,北京友和卓谊信息技术有限公司,新闻阅读,0,0,0,1,0,1,0,0,0,0,1,1,0,0,0,0,1,0,0
621,网易蜗牛读书,2020/11/3,广州网易计算机系统有限公司,新闻阅读,0,0,1,1,0,1,0,0,1,1,1,1,0,0,0,0,0,0,0
622,点众阅读,2020/12/3,北京阅见未来网络科技有限公司,新闻阅读,0,0,1,1,0,0,0,0,0,0,1,1,0,0,0,0,1,0,0
623,奇热小说,2020/11/30,广州安悦网络科技有限公司,新闻阅读,0,0,1,1,0,1,0,0,0,0,1,1,0,0,0,0,1,0,1
624,追书神器,2020/12/10,上海元聚网络科技有限公司,新闻阅读,1,1,1,1,0,1,0,1,0,1,1,1,0,0,1,0,0,0,0
625,熊猫看书,2020/10/23,天津酷阅信息科技有限公司,新闻阅读,0,0,1,1,0,1,0,1,0,0,1,1,0,0,0,0,1,0,0
626,百度阅读,2020/12/8,百度云计算技术（北京）有限公司,新闻阅读,1,0,1,1,0,1,0,0,1,1,1,1,0,0,1,0,1,0,0
627,菠萝包轻小说,2020/11/25,广州轻阅网络科技有限公司,新闻阅读,0,0,1,1,0,0,0,0,0,1,1,1,0,0,0,0,1,0,0
628,飞读免费小说,2020/12/3,上海玄霆娱乐信息科技有限公司,新闻阅读,0,0,1,1,0,1,0,0,0,0,1,1,0,0,0,0,1,0,0
629,阅读,2020/12/3,华为软件技术有限公司,新闻阅读,0,0,1,1,0,0,0,0,0,1,1,1,0,0,0,0,1,0,0
630,全民小说,2020/12/9,合肥繁楼科技有限公司,新闻阅读,0,0,1,1,0,1,0,0,0,0,1,1,0,0,0,0,1,0,0
631,悦读免费小说,2020/5/8,长沙畅想网络技术工作室,新闻阅读,0,0,0,1,0,1,0,0,0,0,1,1,0,0,0,0,1,0,0
632,TXT全本免费小说,2020/11/27,武汉滢澈斐然科技有限公司,新闻阅读,0,0,0,1,0,1,0,0,1,1,1,1,0,0,0,0,1,0,0
633,免费追书,2020/12/8,霍尔果斯鸿鹭华阅文化传播有限公司,新闻阅读,0,0,1,1,0,1,0,0,0,1,1,1,0,0,0,0,1,0,1
634,免费淘小说,2020/12/8,北京淘阅文化科技有限公司,新闻阅读,0,0,0,1,0,1,0,0,0,0,1,1,0,0,0,0,0,0,0
635,TXT全本免费阅读,2020/6/23,北京正清瑞德科技发展有限公司,新闻阅读,0,0,1,1,0,1,0,0,0,1,1,1,0,0,0,0,1,0,0
636,趣阅TXT全本免费小说阅读器,2020/10/17,北京天威晟拓科技有限公司,新闻阅读,0,0,1,1,0,1,0,0,0,1,1,1,0,0,0,0,1,0,0
637,万能电子书阅读器,2020/10/30,高新区康信息技术工作室,新闻阅读,0,0,0,1,0,0,0,0,0,0,1,0,0,0,0,0,0,0,0
638,汤圆创作,2020/12/9,北京汤圆和它的小伙伴们网络科技有限公司,新闻阅读,0,0,1,1,0,1,0,0,1,1,1,1,0,0,0,0,1,0,0
639,圣经,2020/11/11,杭州魔厨科技有限公司,新闻阅读,0,0,1,1,0,1,0,0,1,1,1,1,0,0,0,0,1,0,0
640,荣耀阅读,2020/12/10,华为软件技术有限公司,新闻阅读,0,0,0,1,0,0,0,0,0,0,1,0,0,0,0,0,1,0,0
641,怡阅小说,2020/7/16,杭州怡阅科技有限公司,新闻阅读,0,0,1,1,0,1,0,0,0,1,1,1,0,0,0,0,1,0,1
642,刺猬猫阅读,2020/12/2,杭州狂想网络科技有限公司,新闻阅读,0,0,1,1,0,0,0,0,1,1,1,1,0,0,0,0,1,0,0
643,阅扑,2020/10/23,广州文媒贸易有限公司,新闻阅读,1,0,1,1,0,1,0,0,0,1,1,1,0,0,1,0,1,0,1
644,纵横小说,2020/11/17,天津酷阅信息科技有限公司,新闻阅读,0,0,1,1,0,1,0,0,0,1,1,1,0,0,0,0,1,0,0
645,手机写小说,2020/11/27,成都阅听科技有限公司,新闻阅读,0,0,1,1,0,1,0,0,0,1,1,1,0,0,0,0,0,0,0
646,全本免费小说,2020/10/30,济宁图阅信息科技有限公司,新闻阅读,0,0,0,1,0,1,0,0,0,0,1,1,0,0,0,0,0,0,0
647,多看阅读,2020/12/11,北京多看科技有限公司,新闻阅读,0,0,0,1,0,0,0,0,0,1,1,1,0,0,1,0,1,0,0
648,TXT全本免费小说阅读器,2020/11/9,内江爱阅科技有限责任公司,新闻阅读,0,0,0,1,0,1,0,0,0,0,1,1,0,0,0,0,0,0,0
649,全本免费快读小说,2020/6/22,北京追书时代科技发展有限公司,新闻阅读,0,0,1,1,0,1,0,0,0,1,1,1,0,0,0,0,1,0,0
650,爱读掌阅,2020/12/8,掌阅科技股份有限公司,新闻阅读,0,0,1,1,0,0,0,0,1,1,1,1,0,0,0,0,1,0,0
651,TXT免费全本阅读器,2020/6/22,北京阅微草堂科技发展有限公司,新闻阅读,0,0,1,1,0,1,0,0,1,1,1,1,0,0,0,0,1,0,1
652,豆腐阅读,2020/11/24,深圳碉堡互动娱乐有限公司,新闻阅读,0,0,1,1,0,1,0,0,0,1,1,1,0,0,1,0,1,0,0
653,红豆免费小说,2020/12/8,沁阳市珍阅科技有限公司,新闻阅读,0,0,1,1,0,1,0,0,1,1,1,1,0,0,0,0,1,0,1
654,读圣经,2020/11/21,杭州云月信息科技有限公司,新闻阅读,0,0,1,1,0,1,0,0,1,1,1,1,0,0,0,0,1,0,0
655,17K小说,2020/12/7,北京中文在线文化传媒有限公司,新闻阅读,0,0,1,1,0,1,0,0,0,1,1,1,0,0,1,0,1,0,0
656,全本免费阅读器,2020/10/23,北京五步天下科技有限公司,新闻阅读,0,0,1,1,0,1,0,0,1,1,1,1,0,0,0,0,1,0,1
657,爱看书免费小说,2020/12/7,北京中文万维科技有限公司,新闻阅读,0,0,1,1,0,1,0,0,0,1,1,1,0,0,0,0,1,0,1
658,免费小说阅读器,2020/12/7,马鞍山顺贸网络科技有限责任公司,新闻阅读,0,0,1,1,0,1,0,0,1,0,1,1,0,0,0,0,1,0,0
659,快读小说,2020/8/11,西安怡安源电子科技有限公司,新闻阅读,0,0,0,1,0,1,0,0,0,0,1,1,0,0,0,0,0,0,0
660,TXT全本免费电子书,2020/10/13,北京追书时代科技发展有限公司,新闻阅读,0,0,1,1,0,1,0,0,0,1,1,1,0,0,0,0,1,0,0
661,淘小说,2020/12/7,北京淘阅文化科技有限公司,新闻阅读,0,0,0,1,0,1,0,0,0,0,1,1,0,0,0,0,0,0,0
662,黑猫小说,2020/12/10,广西手赚文化传媒有限公司,新闻阅读,0,0,1,1,0,1,0,0,0,0,1,1,0,0,0,0,0,0,0
663,免费小说书城,2020/12/7,宿州指点网络科技有限公司,新闻阅读,0,0,1,1,0,1,0,0,1,0,1,1,0,0,0,0,1,0,0
664,国家数字图书馆,2020/11/27,国家图书馆（中国国家图书馆、中国国家古籍保护中心、国家典籍博物馆）,新闻阅读,0,0,1,1,0,1,0,0,1,1,1,1,0,0,1,0,1,0,0
665,藏书阁,2020/12/2,铜陵桐喜科技有限公司,新闻阅读,0,0,0,1,0,1,0,0,0,0,1,1,0,0,0,0,1,0,0
667,创客贴设计,2020/12/5,北京艺源酷科技有限公司,拍摄美化,0,0,1,1,0,0,0,0,1,1,1,1,0,0,0,0,1,0,0
668,专业证件照,2020/12/11,无锡乐骐科技有限公司,拍摄美化,0,0,1,1,0,0,0,0,1,1,1,1,0,0,0,0,1,0,0
669,相机变变变,2020/12/6,海南悦动网络科技有限公司,拍摄美化,0,0,0,1,0,0,0,0,0,1,1,1,0,0,0,0,0,0,0
670,醒图,2020/12/4,北京颜选科技有限公司,拍摄美化,0,0,0,1,0,0,0,0,0,1,1,1,0,0,0,0,0,0,0
671,刷圈精灵,2020/12/8,福州市台江旭康信息技术有限公司,拍摄美化,0,0,1,1,0,1,0,0,0,1,1,1,0,0,0,0,0,0,1
672,截图王,2020/12/10,大连玉喜保健食品科技有限公司,拍摄美化,0,0,1,1,0,1,0,0,0,1,1,1,0,0,0,0,0,0,1
673,证件照研究院,2020/12/2,无锡乐骐科技有限公司,拍摄美化,0,0,1,1,0,0,0,0,1,1,1,1,0,0,0,0,1,0,0
674,美图编辑拼贴秀,2020/7/8,杭州天沃互联网有限公司,拍摄美化,0,0,0,1,0,1,0,0,0,0,1,1,0,0,0,0,0,0,0
675,截图宝,2020/11/24,微极享（重庆）科技有限公司,拍摄美化,0,0,1,1,0,1,0,0,0,1,1,1,0,0,0,0,0,0,1
676,水印相机,2020/12/11,腾讯科技（北京）有限公司,拍摄美化,0,1,0,1,0,1,0,0,1,1,1,1,0,0,0,0,1,0,0
677,一键修图大师,2020/11/28,广州趣多多信息科技有限公司,拍摄美化,0,0,0,1,0,0,0,0,0,1,1,1,0,0,0,0,0,0,0
678,微商水印截图王,2020/8/22,上海弥初柔网络科技有限公司,拍摄美化,0,0,0,1,0,1,0,0,0,1,1,1,0,0,0,0,0,0,0
679,PicsArt美易照片编辑,2020/12/10,北京美易互动信息技术有限公司,拍摄美化,1,0,0,1,0,1,0,0,0,1,1,1,0,0,0,0,0,0,0
680,一键拼图,2020/11/4,九江鹏成网络科技有限公司,拍摄美化,0,0,0,1,0,1,0,0,0,1,1,1,0,0,0,0,0,0,0
681,水印微商相机,2020/10/30,九江亚米信息科技有限公司,拍摄美化,0,0,0,1,0,1,0,0,0,1,1,1,0,0,0,0,0,0,0
682,天天P图,2020/10/16,腾讯科技（上海）有限公司,拍摄美化,0,0,0,1,0,1,0,0,1,1,1,1,0,0,0,0,0,0,0
683,百变P图,2020/12/9,郑州阿帕斯科技有限公司,拍摄美化,0,0,1,1,0,1,0,0,0,1,1,1,0,0,1,0,1,0,0
684,今日工作相机,2020/11/5,成都田田科技有限公司,拍摄美化,0,1,0,1,0,1,0,0,0,1,1,1,0,0,0,0,0,0,0
685,奇妙P图,2020/11/24,星业（海南）科技有限公司,拍摄美化,0,0,1,1,0,1,0,0,1,1,1,1,0,0,0,0,1,0,0
686,微商抠图去水印,2020/11/27,上海祈贞韵网络科技有限公司,拍摄美化,0,0,1,1,0,1,0,0,0,1,1,1,0,0,0,0,0,0,0
687,二维码生成大师,2020/11/12,九江亚米信息科技有限公司,拍摄美化,0,0,0,1,0,1,0,0,1,1,1,1,0,0,0,0,0,0,0
688,最美证件照制作,2020/11/3,上海凌游网络科技有限公司,拍摄美化,0,0,1,1,0,1,0,0,0,1,1,1,0,0,0,0,1,0,0
689,美颜证件照制作,2020/11/7,深圳考拉互动科技有限公司,拍摄美化,0,0,0,1,0,0,0,0,0,1,1,1,0,0,0,0,0,0,0
690,最美证件照,2020/12/11,成都品果科技有限公司,拍摄美化,0,0,1,1,0,0,0,0,0,1,1,0,0,0,0,0,0,0,0
691,图怪兽,2020/12/4,上海遇图网络科技有限公司,拍摄美化,0,0,1,1,0,1,0,0,0,1,1,1,0,0,0,0,1,0,1
692,最美证件照制作,2020/12/2,无锡骏聿科技有限公司,拍摄美化,0,0,0,1,0,1,0,0,1,1,1,1,0,0,0,0,0,0,0
693,宠物趣味翻译器,2020/10/20,武汉晟米信息技术有限公司,拍摄美化,0,0,0,1,0,1,0,0,1,1,1,1,0,0,0,0,1,0,0
694,Canva 可画,2020/12/7,北京咖瓦信息技术有限公司,拍摄美化,0,0,0,1,0,0,0,0,0,1,1,0,0,0,0,0,0,0,0
695,拼图鸭,2020/11/25,重庆上浅文化传播有限公司,拍摄美化,0,0,0,1,0,1,0,0,0,0,1,1,0,0,0,0,1,0,0
696,稿定设计,2020/12/11,厦门稿定股份有限公司,拍摄美化,0,0,0,1,0,1,0,0,1,1,1,1,0,0,1,0,1,0,0
697,元道经纬相机,2020/12/5,深圳市元道通信技术有限公司,拍摄美化,0,0,1,1,0,1,0,0,1,1,1,1,0,0,0,0,1,0,0
698,证件照,2020/11/30,无锡米谷文化传媒有限公司,拍摄美化,0,0,0,1,0,0,0,0,0,1,1,1,0,0,0,0,0,0,0
699,你我当年,2020/11/25,北京大觥科技有限公司,拍摄美化,0,0,0,1,0,1,0,0,1,1,1,1,0,0,0,0,1,0,0
700,无痕视频去水印,2020/7/23,上海邱听荷网络科技有限公司,拍摄美化,0,0,0,1,0,1,0,0,0,0,1,1,0,0,0,0,0,0,0
701,最美证件照,2020/9/28,开元泽通投资咨询（北京）有限公司,拍摄美化,0,0,1,1,0,1,0,0,0,1,1,1,0,0,0,0,1,0,0
702,水印相机Ali,2020/9/1,荣视德科技（上海）有限公司,拍摄美化,0,0,1,1,0,1,0,0,1,1,1,1,0,0,0,0,0,0,0
703,MIX,2020/11/26,成都品果科技有限公司,拍摄美化,0,0,0,1,0,0,0,0,0,0,0,0,0,0,0,0,0,0,0
704,PS修图,2020/12/8,武汉网幂科技有限公司,拍摄美化,0,0,0,1,0,0,0,0,0,1,1,1,0,0,0,0,0,0,0
705,水印相片,2020/12/3,上海维概网络科技有限公司,拍摄美化,0,0,1,1,0,1,0,0,1,1,1,1,0,0,0,0,0,0,0
706,拼图酱,2020/4/23,成都品果科技有限公司,拍摄美化,0,0,0,1,0,0,0,0,0,0,1,0,0,0,0,0,0,0,0
707,GIF动图制作,2020/9/20,吉安聚鼎科技有限公司,拍摄美化,0,0,0,1,0,1,0,0,0,1,1,1,0,0,0,0,0,0,0
708,马卡龙玩图,2020/10/29,上海懿天网络科技有限公司,拍摄美化,0,0,1,1,0,0,0,0,1,1,1,1,0,0,1,0,1,0,0
709,日杂相机,2020/12/9,广州萌动信息科技有限公司,拍摄美化,0,0,0,1,0,0,0,0,0,0,1,1,0,0,0,0,0,0,0
710,智能证件照,2020/11/13,上海弥初柔网络科技有限公司,拍摄美化,0,0,1,1,0,1,0,0,0,1,1,1,0,0,0,0,1,0,0
711,Facetune2,2020/11/25,Lightricks Ltd.,拍摄美化,0,0,0,1,0,0,0,0,0,0,1,1,0,0,0,0,0,0,0
712,证件照,2020/11/26,上海露耿绿网络科技有限公司,拍摄美化,0,0,1,1,0,1,0,0,0,1,1,1,0,0,0,0,1,0,0
713,一寸证件照制作,2020/12/2,无锡骏聿科技有限公司,拍摄美化,0,0,1,1,0,1,0,0,1,1,1,1,0,0,0,0,1,0,0
714,P图玩,2020/11/3,上海苏帕科技有限公司,拍摄美化,0,0,1,1,0,1,0,0,0,1,1,1,0,0,1,0,1,0,0
715,拼图,2020/11/18,潍坊爱陪爱信息科技有限公司,拍摄美化,0,0,0,1,0,1,0,0,0,0,1,1,0,0,0,0,0,0,0
716,彩视,2020/12/3,迅捷联动（北京）科技有限公司,拍摄美化,1,1,1,1,0,1,1,1,1,1,1,1,0,0,1,0,1,0,0
717,泼辣,2020/12/12,北京泼辣熊科技有限公司,拍摄美化,0,0,0,1,0,0,0,0,0,1,1,0,0,0,0,0,0,0,0
718,今日水印相机完美版,2020/11/4,上海禽雪瑶网络科技有限公司,拍摄美化,0,0,0,1,0,1,0,0,0,1,1,1,0,0,0,0,0,0,0
719,发型屋,2020/11/22,合肥聚美网络科技有限公司,拍摄美化,0,0,0,1,0,1,0,0,0,1,1,1,0,0,0,0,0,0,1
720,简拼,2020/10/30,广州美人信息技术有限公司,拍摄美化,0,0,0,1,0,1,0,0,1,1,1,1,0,0,1,0,0,0,0
721,水印,2020/9/22,深圳微雨晨科技有限公司,拍摄美化,0,0,1,1,0,1,0,0,0,0,1,1,0,0,0,0,1,0,0
722,大神P图,2020/12/11,上海艾麒信息科技股份有限公司,拍摄美化,0,0,0,1,0,1,0,0,0,1,1,1,0,0,0,0,0,0,0
723,全民P图,2020/12/8,讯通无限（广州）网络技术有限公司,拍摄美化,0,0,1,1,0,1,0,0,0,1,1,1,0,0,0,0,1,0,0
724,小妖精美化,2020/12/11,上海量码网络科技有限公司,拍摄美化,0,0,1,1,0,1,0,0,1,1,1,1,0,0,0,0,1,0,0
725,消除水印,2020/12/11,深圳市聚云网络科技有限公司,拍摄美化,0,0,1,1,0,1,0,0,0,0,1,1,0,0,0,0,1,0,0
726,一寸证件照,2020/11/3,南京方和网络科技有限公司,拍摄美化,1,0,0,1,0,0,0,0,0,1,1,1,0,0,0,0,0,0,0
727,ProKnockout智能抠图P图,2020/11/18,贝格蓝斯科技,拍摄美化,0,0,0,1,0,0,0,0,1,1,1,1,0,0,0,0,0,0,0
728,最美证件照,2020/11/3,上海禽雪瑶网络科技有限公司,拍摄美化,0,0,1,1,0,1,0,0,0,1,1,1,0,0,0,0,1,0,0
729,抠图P图秀,2020/12/11,武汉网幂科技有限公司,拍摄美化,0,0,0,1,0,0,0,0,0,1,1,1,0,0,0,0,0,0,0
730,美易,2020/12/11,合肥胖宝科技有限公司,拍摄美化,0,0,0,1,0,1,0,0,0,1,1,1,0,0,0,0,0,0,0
731,个性头像,2020/4/24,武汉机游科技有限公司,拍摄美化,1,0,1,1,0,1,0,0,1,1,1,1,0,0,0,0,0,0,0
732,免费证件照,2020/11/11,刘国强,拍摄美化,0,0,0,1,0,1,0,0,0,1,1,1,0,0,0,0,0,0,0
733,图片编辑P图制作,2020/11/25,长沙先讯快锋影视传媒有限公司,拍摄美化,0,0,0,1,0,0,0,0,0,1,1,1,0,0,0,0,0,0,0
734,PS抠图,2020/11/16,杭州聚合优量科技有限公司,拍摄美化,0,0,0,1,0,1,0,0,0,1,1,1,0,0,0,0,0,0,0
735,自拍美颜相机,2020/12/11,嘉兴雨墨信息科技有限公司,拍摄美化,0,0,1,1,0,1,0,0,1,1,1,1,0,0,0,0,0,0,0
736,PS图片处理,2020/11/3,深圳市新红点科技有限公司,拍摄美化,1,0,0,1,0,1,0,0,1,1,1,1,0,0,0,0,0,0,0
737,最美证件照,2020/12/4,上海钭飞丹网络科技有限公司,拍摄美化,0,0,1,1,0,1,0,0,0,1,1,1,0,0,0,0,1,0,0
738,PS美图,2020/11/10,上海金蚨软件科技有限公司,拍摄美化,0,0,0,1,0,1,0,0,0,1,1,1,0,0,0,0,0,0,0
739,试发型相机,2020/10/16,合肥聚美网络科技有限公司,拍摄美化,0,0,0,1,0,0,0,0,0,1,1,1,0,0,0,0,0,0,0
740,证件照换底色,2020/11/13,无锡乐骐科技有限公司,拍摄美化,0,0,0,1,0,0,0,0,1,1,1,0,0,0,0,0,0,0,0
741,Biu神器,2020/12/7,广州华多网络科技有限公司,拍摄美化,0,0,1,1,0,0,0,0,1,1,1,1,0,0,0,0,1,0,0
742,照片拼图,2020/11/11,北京白鱼入舟科技有限公司,拍摄美化,0,0,0,1,0,1,0,0,0,0,1,1,0,0,0,0,0,0,0
743,长图拼接大师,2020/10/22,上海原来信息科技有限公司,拍摄美化,0,0,0,1,0,1,0,0,1,1,1,1,0,0,0,0,1,0,0
744,ZAO,2020/1/9,长沙深度融合网络科技有限公司,拍摄美化,0,0,1,1,0,0,0,0,0,1,1,1,0,0,0,0,0,0,0
745,照片修复,2020/12/9,苏州普物科技有限公司,拍摄美化,0,0,1,1,0,0,0,0,1,1,1,0,0,0,0,0,0,0,0
746,九宫格切图制作,2020/11/26,上海倍效网络科技有限公司,拍摄美化,0,0,0,1,0,1,0,0,0,1,1,1,0,0,0,0,0,0,0
747,Fotor照片编辑器,2020/11/7,成都恒图科技有限责任公司,拍摄美化,0,0,0,1,0,0,0,0,0,1,1,1,0,0,0,0,0,0,0
748,图片搜搜,2020/11/25,亿石资讯（北京）有限公司,拍摄美化,0,0,0,1,0,1,0,0,0,0,1,1,0,0,0,0,0,0,0
749,微商水印视频编辑,2020/11/26,安庆市晶亮信息技术有限公司,拍摄美化,0,0,0,1,0,1,0,0,0,1,1,1,0,0,0,0,0,0,0
750,照片恢复清晰,2020/12/4,苏州图说科技有限公司,拍摄美化,0,0,1,1,0,0,0,0,1,1,1,1,0,0,0,0,0,0,0
751,PS图片编辑器,2020/11/2,高新区康信息技术工作室,拍摄美化,0,0,0,1,0,0,0,0,0,1,1,0,0,0,0,0,0,0,0
752,头像馆,2020/10/22,合肥赞闪网络科技发展有限公司,拍摄美化,0,0,0,1,0,0,0,0,0,1,1,1,0,0,0,0,0,0,0
753,老照片修复软件,2020/11/19,合肥研律网络科技有限公司,拍摄美化,0,0,0,1,0,0,0,0,0,1,1,1,0,0,0,0,0,0,0
754,照片清晰修复,2020/12/9,浙江新盘果信息技术有限公司,拍摄美化,0,0,0,1,0,1,0,0,0,1,1,1,0,0,0,0,0,0,0
755,in,2020/10/10,杭州九言科技股份有限公司,拍摄美化,1,0,1,1,0,1,0,0,1,1,1,1,0,0,1,0,1,0,0
756,可可修图,2020/11/12,广州萌动信息科技有限公司,拍摄美化,0,0,0,1,0,0,0,0,0,0,1,1,0,0,0,0,0,0,0
757,色采,2020/12/8,台江区色彩软件开发工作室,拍摄美化,0,0,0,1,0,0,0,0,0,1,1,0,0,0,0,0,0,0,0
758,海报工厂,2020/4/26,厦门美图网科技有限公司,拍摄美化,0,0,1,1,0,1,0,0,0,1,1,1,0,0,0,0,0,0,0
759,发型设计,2020/12/3,武汉网幂科技有限公司,拍摄美化,0,0,0,1,0,0,0,0,0,1,1,1,0,0,0,0,0,0,0
760,测脸型,2020/9/6,合肥聚美网络科技有限公司,拍摄美化,0,0,0,1,0,0,0,0,0,1,1,1,0,0,0,0,0,0,0
761,遥望,2020/12/3,北京鲸榄网络科技有限公司,拍摄美化,0,1,0,1,0,1,0,0,1,1,1,1,0,0,0,0,1,0,0
762,发型酷酷,2020/7/23,北京三江七泽科技有限公司,拍摄美化,0,0,0,1,0,0,0,0,0,1,1,1,0,0,0,0,0,0,0
763,PhotoRetouch去水印修图软件,2020/10/16,贝格蓝斯科技,拍摄美化,0,0,0,1,0,1,0,0,1,1,1,1,0,0,0,0,1,0,0
764,P图软件,2020/5/8,风盾（上海）科技有限公司,拍摄美化,0,0,0,1,0,0,0,0,0,0,1,1,0,0,0,0,0,0,0
765,芒西Moxie,2020/12/6,海南喵咖网络科技有限公司,拍摄美化,0,0,1,1,0,0,0,0,0,1,1,1,0,0,0,0,1,0,0
766,漫画相机,2020/10/14,合肥得韬网络科技有限公司,拍摄美化,0,0,0,1,0,0,0,0,0,1,1,1,0,0,0,0,0,0,0
788,下厨房,2020/12/7,北京瑞荻互动科技有限公司,美食,1,0,1,1,0,1,0,0,1,1,1,1,0,0,0,0,1,0,0
789,学做饭美食菜谱,2020/11/13,保定尚卡网络科技有限公司,美食,0,0,0,1,0,1,0,0,0,0,1,1,0,0,0,0,0,0,0
790,豆果美食,2020/11/24,北京豆果信息技术有限公司,美食,1,0,1,1,0,1,1,1,1,1,1,1,0,0,0,0,1,0,1
791,嘉肴做饭做菜家常菜谱大全,2020/1/5,青岛嘉铭文化传播有限公司,美食,0,0,0,1,0,0,0,0,0,1,1,0,0,0,0,0,0,0,0
792,香哈菜谱,2020/12/10,北京香哈网络股份有限公司,美食,0,0,1,1,0,1,0,0,1,1,1,1,0,0,1,0,1,0,0
793,菜谱大全,2020/11/27,杭州魔厨科技有限公司,美食,0,0,0,1,0,1,0,0,1,1,1,1,0,0,0,0,1,0,0
794,懒饭,2020/12/12,北京瑞荻互动科技有限公司,美食,0,0,0,1,0,0,0,0,0,0,1,1,0,0,0,0,0,0,0
795,家常菜谱大全,2020/11/30,南京物橙信息技术有限公司,美食,0,0,0,1,0,1,0,0,0,1,1,1,0,0,0,0,0,0,0
796,美食杰,2020/11/25,北京美时杰信息技术有限公司,美食,0,0,1,1,0,1,0,0,1,1,1,1,0,0,0,0,1,0,0
797,食谱大全,2020/12/2,北京优艺互动科技有限公司,美食,0,0,1,1,0,1,0,0,0,1,1,1,0,0,0,0,1,0,0
798,烘焙帮,2020/11/14,佛山市烘焙帮信息技术有限公司,美食,0,0,1,1,0,0,0,0,0,1,1,1,0,0,0,0,1,0,0
799,美食天下,2020/5/13,北京盛世传越科技有限公司,美食,0,0,1,1,0,1,0,0,0,1,1,1,0,0,0,0,1,0,0
800,好豆,2020/12/2,北京好豆网络科技有限公司,美食,0,0,1,1,0,1,0,0,1,1,1,1,0,0,0,0,1,0,1
801,家常菜,2020/12/3,杭州网厨投资管理合伙企业（有限合伙）,美食,0,0,0,1,0,1,0,0,1,1,1,1,0,0,0,0,1,0,0
802,掌厨,2020/9/15,深圳市金版文化发展有限公司,美食,0,0,0,1,0,0,0,0,0,1,1,1,0,0,0,0,1,0,0
803,日日煮,2020/11/17,上海微食信息科技有限公司,美食,0,0,1,1,0,1,0,0,0,1,1,1,0,0,0,0,1,0,0
804,早餐食谱,2020/4/28,杭州魔厨科技有限公司,美食,0,0,0,1,0,1,0,0,1,1,1,1,0,0,0,0,1,0,0
805,学做饭,2020/9/22,杭州涂涂星信息科技有限公司,美食,0,0,0,1,0,1,0,0,1,1,1,1,0,0,0,0,1,0,0
806,做菜大全,2020/12/9,杭州魔厨科技有限公司,美食,0,0,0,1,0,1,0,0,1,1,1,1,0,0,0,0,1,0,0
807,网上厨房,2020/11/3,杭州魔厨科技有限公司,美食,0,0,1,1,0,1,0,0,1,1,1,1,0,0,1,0,1,0,0
808,天天下厨房,2020/10/28,杭州一米米网络科技有限公司,美食,0,0,0,1,0,1,0,0,0,0,1,1,0,0,0,0,0,0,0
809,厨房菜谱大全,2020/11/2,厦门酷熊科技有限公司,美食,0,0,0,1,0,1,0,0,0,1,1,1,0,0,0,0,0,0,0
810,学做菜,2020/5/14,杭州湖雅月信息科技有限公司,美食,0,0,1,1,0,1,0,0,1,1,1,1,0,0,1,0,1,0,0
811,家常菜谱大全,2020/4/10,杭州湖雅月信息科技有限公司,美食,0,0,0,1,0,1,0,0,1,1,1,1,0,0,0,0,1,0,0
812,烘焙食谱,2020/9/28,杭州涂涂星信息科技有限公司,美食,0,0,0,1,0,1,0,0,1,1,1,1,0,0,0,0,1,0,0
813,煲汤,2020/5/7,杭州艾狄墨搏数字科技有限公司,美食,0,0,0,1,0,1,0,0,1,1,1,1,0,0,0,0,1,0,0
814,厨房故事,2020/11/17,AJNS New Media GmbH,美食,0,0,0,1,0,0,0,0,0,0,1,0,0,0,0,0,0,0,0
815,家常菜食谱大全,2020/12/3,郴州晨信科技有限公司,美食,0,0,0,1,0,0,0,0,0,0,1,1,0,0,0,0,0,0,0
816,爱厨房,2020/12/8,天津悦来科技有限公司,美食,0,0,0,1,0,1,0,0,0,0,1,1,0,0,0,0,0,0,0
817,宝宝辅食大全,2020/11/1,上海微栈网络科技有限公司,美食,0,0,0,1,0,1,0,0,0,1,1,1,0,0,0,0,0,0,0
818,美厨食谱,2020/10/12,上甲（厦门）科技有限公司,美食,0,0,1,1,0,0,0,0,0,0,1,0,0,0,0,0,0,0,0
819,做菜视频,2020/5/21,杭州艾狄墨搏数字科技有限公司,美食,0,0,1,1,0,1,0,0,1,1,1,1,0,0,0,0,1,0,0
820,厨艺宝,2020/8/5,安徽省御味香餐饮管理有限公司,美食,0,0,0,1,0,0,0,0,0,1,1,1,0,0,0,0,1,0,1
821,好逗菜谱,2020/5/15,杭州湖雅月信息科技有限公司,美食,0,0,0,1,0,1,0,0,0,0,1,1,0,0,0,0,0,0,0
822,美食节,2020/4/30,杭州湖雅月信息科技有限公司,美食,0,0,0,1,0,1,0,0,1,1,1,1,0,0,0,0,1,0,0
823,婴儿辅食食谱,2020/11/2,厦门沃鸿信息技术有限公司,美食,0,0,1,1,0,1,0,0,1,1,1,1,0,0,1,0,1,0,0
824,孕妇营养食谱,2020/4/13,冯璇,美食,0,0,0,1,0,1,0,0,0,0,1,1,0,0,0,0,0,0,0
825,家常菜做法,2020/12/2,陈逢荣,美食,0,0,0,1,0,1,0,0,1,1,1,1,0,0,0,0,1,0,0
826,香哈菜谱美食,2020/11/16,深圳市棋润科技有限公司,美食,0,0,0,1,0,1,0,0,0,0,1,1,0,0,0,0,0,0,0
827,食谱大全,2020/5/8,杭州彩诗票务服务有限公司,美食,0,0,0,1,0,1,0,0,1,1,1,1,0,0,0,0,1,0,0
828,菜谱大全书,2020/4/27,杭州涂涂星信息科技有限公司,美食,0,0,0,1,0,1,0,0,1,1,1,1,0,0,0,0,1,0,0
829,做菜,2020/4/15,杭州网厨投资管理合伙企业（有限合伙）,美食,0,0,0,1,0,1,0,0,0,0,1,1,0,0,0,0,0,0,0
830,美食厨房菜谱大全,2020/12/1,合肥胖宝科技有限公司,美食,0,0,0,1,0,1,0,0,1,0,1,1,0,0,0,0,0,0,1
831,做饭大全,2020/12/3,杭州魔厨科技有限公司,美食,0,0,0,1,0,1,0,0,1,1,1,1,0,0,0,0,1,0,0
832,天下厨房菜谱,2020/8/19,南昌追风网络科技有限公司,美食,0,0,0,1,0,1,0,0,0,0,1,1,0,0,0,0,0,0,0
833,烘焙,2020/5/8,杭州魔厨科技有限公司,美食,0,0,0,1,0,1,0,0,1,1,1,1,0,0,0,0,1,0,0
834,减肥食谱,2020/11/27,上海蔓雯信息科技有限公司,美食,0,0,0,1,0,1,0,0,0,0,1,1,0,0,0,0,0,0,0
835,菜谱精灵,2020/4/22,北京盛世传越科技有限公司,美食,0,0,0,1,0,0,0,0,0,1,1,1,0,0,0,0,1,0,0
836,美食菜谱,2020/5/6,杭州湖雅月信息科技有限公司,美食,0,0,0,1,0,1,0,0,1,1,1,1,0,0,0,0,1,0,0
837,厨房app,2020/11/21,杭州云月信息科技有限公司,美食,0,0,0,1,0,1,0,0,1,1,1,1,0,0,0,0,1,0,0
838,菜谱大全网上厨房,2020/11/2,厦门沃鸿信息技术有限公司,美食,0,0,0,1,0,1,0,0,1,1,1,1,0,0,1,0,1,0,0
839,儿童食谱,2018/10/12,FALSE,美食,0,0,1,1,0,0,0,0,0,0,1,1,0,0,0,0,1,0,0
840,ROKI智能烹饪,2020/10/10,杭州老板电器股份有限公司,美食,0,0,1,1,0,1,0,0,1,1,1,1,0,0,0,1,1,0,1
841,家常菜菜谱大全,2020/12/11,天津才信科技有限公司,美食,0,0,0,1,0,1,0,0,0,0,1,1,0,0,0,0,1,0,0
842,宝宝辅食,2020/11/29,上海蔓雯信息科技有限公司,美食,0,0,0,1,0,1,0,0,0,0,1,1,0,0,0,0,0,0,0
843,古果朝阳,2020/9/30,朝阳屹鸿电子商务有限公司,美食,1,0,1,1,0,1,0,0,1,1,1,0,0,0,0,0,1,0,0
844,宝宝食谱,2020/8/8,冯璇,美食,0,0,0,1,0,0,0,0,0,0,1,1,0,0,0,0,0,0,0
845,家常菜视频菜谱,2020/12/8,深圳市圣锋科技有限公司,美食,0,0,1,1,0,1,0,0,0,0,1,1,0,0,0,0,1,0,0
846,菜谱食谱果豆瓣酱,2020/7/24,厦门乐榜网络科技有限公司,美食,0,0,0,1,0,1,0,0,0,0,1,1,0,0,0,0,0,0,0
847,名厨之家,2020/12/2,中奥科技发展（深圳）有限公司,美食,0,0,1,1,0,1,0,0,1,1,1,1,0,0,1,0,1,0,0
848,私房菜,2019/12/18,杭州艾狄墨搏数字科技有限公司,美食,0,0,0,1,0,1,0,0,0,0,1,1,0,0,0,0,0,0,0
849,中华美食谱,2020/8/3,陈立,美食,0,0,0,1,0,0,0,0,0,0,1,1,0,0,0,0,0,0,0
850,孕孕妇食谱,2020/6/10,上海蔓雯信息科技有限公司,美食,0,0,0,1,0,1,0,0,0,0,1,1,0,0,0,0,0,0,0
851,食谱菜谱大全,2020/6/9,贵州齐齐辉科技有限公司,美食,0,0,0,1,0,1,0,0,0,0,1,1,0,0,0,0,0,0,0
852,美食家常菜谱,2020/8/14,大连爱皮皮科技有限公司,美食,0,0,0,1,0,1,0,0,0,1,1,1,0,0,0,0,1,0,0
853,贝太厨房,2019/9/28,北京贝太文化传媒有限公司,美食,0,0,1,1,0,1,0,0,1,1,1,1,0,0,0,0,1,1,1
854,美食菜谱,2020/9/2,饶凯平,美食,0,0,0,1,0,1,0,0,0,0,1,1,0,0,0,0,0,0,0
855,早餐食谱,2018/10/12,FALSE,美食,0,0,1,1,0,0,0,0,0,0,1,1,0,0,0,0,1,0,0
856,美食厨房,2020/5/20,吉安市吉州区灵韵网络科技有限公司,美食,0,0,0,1,0,1,0,0,0,0,1,1,0,0,0,0,0,0,0
857,婴儿辅食食谱,2019/9/4,厦门好主妇信息技术有限公司,美食,0,0,1,1,0,1,0,0,1,1,1,1,0,0,1,0,1,0,0
858,上厨房,2019/1/31,FALSE,美食,0,0,1,1,0,1,0,0,1,1,1,1,0,0,1,0,1,0,0
859,TOKIT,2020/11/20,上海纯米电子科技有限公司,美食,0,0,1,1,0,1,0,0,1,1,1,1,0,0,1,0,0,0,1
860,外婆美食菜谱,2020/10/12,觅见技术（厦门）有限公司,美食,0,0,1,1,0,0,0,0,0,0,1,0,0,0,0,0,0,0,0
861,云冰箱管家,2020/5/15,北京喧歌科技有限公司,美食,0,0,0,1,0,1,0,0,1,0,1,1,0,0,0,0,1,0,0
862,美食记,2020/10/19,厦门绿斗堂网络科技有限公司,美食,0,0,0,1,0,1,0,0,0,1,1,1,0,0,0,0,0,0,0
863,美食家菜谱,2020/9/27,福州轻松玩网络科技有限公司,美食,0,0,0,1,0,0,0,0,0,0,1,1,0,0,0,0,1,0,0
864,东方美食,2020/12/7,北京中搜网络技术股份有限公司第二分公司,美食,0,0,1,1,0,1,0,0,1,1,1,1,0,0,0,0,1,0,1
865,食谱大全,2020/3/7,开封市捷忆思网络科技有限公司,美食,0,0,0,1,0,0,0,0,0,0,1,1,0,0,0,0,0,0,0
866,减丫瘦身食谱,2020/12/2,江苏九维信息科技有限公司,美食,0,0,1,1,0,1,0,0,0,0,1,1,0,0,0,0,1,0,0
867,厨房美食菜谱,2020/8/28,重庆市果萌网络科技有限公司,美食,0,0,0,1,0,1,0,0,0,1,1,0,0,0,0,0,0,0,0
868,烘焙铺,2020/6/29,深圳市金版文化发展有限公司,美食,0,0,0,1,0,0,0,0,0,1,1,0,0,0,0,0,1,0,0
869,鼎食聚,2020/11/4,舒睿贝蒙经济信息咨询（上海）有限公司,美食,0,0,1,1,0,1,0,0,0,1,1,1,0,0,0,0,1,0,0
870,火锅助手,2020/5/13,杭州壹恩数字科技有限公司,美食,0,0,0,1,0,1,0,0,0,1,1,1,0,0,0,0,1,0,0
871,乖宝宝辅食大全,2020/6/9,北京水滴芒果科技有限公司,美食,0,0,0,1,0,0,0,0,0,0,1,1,0,0,0,0,0,0,0
872,阳光午餐,2020/11/28,上海天坊信息科技有限公司,美食,0,0,1,1,0,1,0,0,0,1,1,1,0,0,0,0,1,0,1
873,烹客,2020/11/5,上海小友电器有限公司,美食,0,0,1,1,0,1,0,0,1,1,1,1,0,0,1,0,1,0,1
874,西顿美食,2019/11/16,苏州西顿家用自动化有限公司,美食,0,0,0,1,0,1,0,0,0,1,1,1,0,0,0,0,0,0,0
875,私厨食谱大全,2020/11/12,深圳市恒创永弘文化传媒有限公司,美食,0,0,1,1,0,1,0,0,0,1,1,1,0,0,0,0,0,0,0
876,嘻哈菜谱,2019/10/9,雷毅,美食,1,0,0,1,0,1,0,0,0,1,1,1,0,0,0,0,1,0,0
877,懒人菜谱助手,2020/10/14,内江优赞网络科技有限责任公司,美食,0,0,0,1,0,0,0,0,0,1,1,1,0,0,0,0,0,0,0
878,大厨日记,2020/11/25,重庆匠子空间文化传媒有限公司,美食,0,0,1,1,0,1,0,0,0,1,1,1,0,0,0,0,1,0,0
879,料理笔记,2020/12/8,许子盈,美食,0,0,0,1,0,0,0,0,0,0,1,0,0,0,0,0,0,0,0
880,一家之煮,2019/10/22,北京嘉煮科技有限公司,美食,0,0,1,1,0,1,0,1,1,1,1,1,0,0,0,0,1,0,1
881,超级菜谱,2020/9/19,保定智树网络科技有限公司,美食,0,0,1,1,0,1,0,0,0,0,1,1,0,0,0,0,1,0,0
882,今日菜谱,2020/9/4,上海厚一信息科技有限公司,美食,0,0,0,1,0,0,0,0,0,0,1,1,0,0,0,0,0,0,0
883,戒不掉的烘焙甜点2,2019/12/11,中国轻工业出版社,美食,0,0,0,1,0,0,0,0,1,1,1,0,0,0,0,0,0,0,0
884,晒厨易,2019/11/19,塞厨网络科技（上海）有限公司,美食,0,0,1,1,0,1,0,0,1,1,1,1,0,0,0,0,1,0,0
885,美食菜谱,2019/1/18,FALSE,美食,0,0,0,1,0,0,0,0,0,1,0,0,0,0,0,0,0,0,0
886,苏巧巧,2020/4/23,浙江绍兴苏泊尔生活电器有限公司,美食,0,0,1,1,0,1,0,0,1,1,1,1,0,0,0,0,1,0,1
887,今日菜谱美食厨房,2020/11/28,成都可比课科技有限公司,美食,0,0,1,1,0,1,0,0,0,1,1,1,0,0,0,0,0,0,1
901,定位守护,2020/11/19,杭州点纵网络科技有限公司,出行导航,1,0,0,1,0,1,0,0,0,0,1,1,0,0,0,0,0,0,0
902,高德地图,2020/11/4,北京高德云图科技有限公司,出行导航,1,0,1,1,0,1,0,0,1,1,1,1,0,0,0,0,1,0,0
903,户外助手GPS指南针,2020/6/23,成都沙丘猫科技有限公司,出行导航,0,0,0,1,0,1,0,0,1,1,1,1,0,0,0,0,0,0,0
904,百度 CarLife+,2020/11/9,百度云计算技术（北京）有限公司,出行导航,1,0,1,1,0,1,0,0,1,1,1,1,0,0,1,1,1,0,1
905,北斗伴,2020/10/23,北京北斗教仪科技有限公司,出行导航,0,0,0,1,0,1,0,0,0,0,1,0,0,0,0,0,1,0,0
906,安吉星,2020/12/7,上海安吉星信息服务有限公司,出行导航,1,0,1,1,0,1,0,0,1,1,1,1,0,0,0,0,1,0,1
907,指南针导航助手,2020/11/9,南京赶超里信息技术有限公司,出行导航,0,0,0,1,0,1,0,0,1,1,1,1,0,0,0,0,0,0,0
908,两步路户外助手,2020/11/19,深圳市两步路信息技术有限公司,出行导航,1,0,1,1,0,1,0,0,1,1,1,1,0,0,0,0,1,0,0
909,货车宝货车导航,2020/12/4,深圳市货车宝科技有限公司,出行导航,0,1,1,1,0,1,0,1,1,1,1,0,0,0,0,0,1,0,1
910,嘀嗒出租司机,2020/12/2,北京畅行信息技术有限公司,出行导航,0,0,1,1,0,0,0,0,1,1,1,1,0,0,0,0,1,0,0
911,钛马星,2020/11/13,钛马信息网络技术有限公司,出行导航,1,0,1,1,0,1,0,0,0,1,1,1,0,0,0,0,1,0,1
912,蓝色大道司机,2020/11/16,福建华威易行通旅运有限公司,出行导航,0,0,1,1,0,1,0,0,1,1,1,1,0,0,0,0,1,0,0
913,亿连驾驶助手,2020/11/3,武汉卡比特信息有限公司,出行导航,1,1,1,1,0,1,1,1,1,1,1,1,0,0,1,0,1,0,1
914,小强停车,2020/12/5,杭州甲虎科技有限公司,出行导航,1,0,1,1,0,1,0,0,1,1,1,1,0,0,0,0,1,0,0
915,好运宝卡友,2020/12/1,合肥维天运通信息科技股份有限公司,出行导航,1,0,1,1,0,1,0,0,1,1,1,1,0,0,1,0,1,0,1
916,宜停车,2019/10/24,深圳市道路交通管理事务中心,出行导航,0,0,0,1,0,1,0,0,0,1,1,0,0,0,0,0,0,0,0
917,汽车在线,2020/12/11,深圳市谷米科技有限公司,出行导航,0,0,1,1,0,1,0,0,0,1,1,1,0,0,0,0,1,0,1
918,AndroiTS GPS Test,2020/8/28,广平县达润贸易有限公司,出行导航,0,0,0,1,0,1,0,0,0,0,1,1,0,0,0,0,0,0,0
919,福州交警,2020/7/31,交通宝互联网技术有限公司,出行导航,0,0,1,1,0,1,0,0,1,1,1,1,0,0,0,0,0,0,0
920,百斗导航地图,2020/10/24,深圳市恩意达科技有限公司,出行导航,0,0,0,1,0,1,0,0,0,0,1,1,0,0,0,0,0,0,1
921,斗斗导航,2020/12/9,深圳西瓜影音科技有限公司,出行导航,0,0,0,1,0,1,0,0,0,0,1,1,0,0,0,0,0,0,1
922,六只脚,2020/8/20,北京更嗨科技有限公司,出行导航,0,0,1,1,0,1,0,0,1,1,1,1,0,0,0,0,1,0,0
923,12306出行,2019/1/15,FALSE,出行导航,0,0,0,1,0,1,0,0,0,0,1,1,0,0,0,0,0,0,0
924,设备在线,2018/8/28,深圳市伊爱高新技术开发有限公司,出行导航,1,0,0,0,0,1,0,0,0,0,0,0,0,0,0,0,1,0,0
925,通行宝,2020/10/20,江苏通行宝智慧交通科技股份有限公司,出行导航,0,0,1,1,0,1,0,0,1,1,1,1,0,0,0,0,1,0,0
926,凯立德导航,2020/10/30,深圳市凯立德欣软件技术有限公司,出行导航,1,0,1,1,0,1,0,1,1,1,1,1,0,0,1,0,1,0,1
927,物联查询,2020/12/12,深圳市锐思酷科技有限公司,出行导航,0,0,1,1,0,1,0,0,1,1,1,1,0,0,0,1,1,0,1
928,驾驶伴侣,2020/11/3,武汉卡比特信息有限公司,出行导航,1,1,1,1,0,1,1,1,1,1,1,1,0,0,1,0,1,0,1
929,海e行智慧版,2020/8/5,交通运输部东海航海保障中心上海海图中心,出行导航,0,0,0,1,0,1,0,0,0,1,1,1,0,0,0,0,0,0,1
930,沃.行讯通,2018/8/21,中国联合网络通信有限公司广州市分公司,出行导航,0,0,0,1,0,1,0,0,0,1,1,1,0,0,0,0,0,0,0
931,甘肃高速,2020/12/2,甘肃省高速公路交通调度指挥总中心,出行导航,0,1,1,1,0,1,0,1,1,1,1,1,0,0,1,0,1,0,1
932,凯立德导航,2020/10/30,深圳市凯立德欣软件技术有限公司,出行导航,1,0,1,1,0,1,0,1,1,1,1,1,0,0,1,0,1,0,1
933,好停车,2020/5/1,FALSE,出行导航,1,0,1,1,0,1,1,0,1,1,1,1,0,0,1,0,1,0,1
934,高速e行,2020/11/6,齐鲁交通信息有限公司,出行导航,1,0,1,1,0,1,0,0,1,1,1,1,0,0,0,0,1,0,1
935,超级指南针,2020/12/10,北京重力无限科技有限公司,出行导航,0,0,0,1,0,0,0,0,0,1,1,1,0,0,0,0,0,0,0
936,语音导航,2020/4/7,长沙十分网络科技有限公司,出行导航,0,0,0,1,0,1,0,0,1,0,1,1,0,0,0,0,0,0,0
937,石家庄市智慧泊车,2020/11/26,石家庄爱泊车科技有限公司,出行导航,0,0,1,1,0,1,0,0,1,1,1,1,0,0,0,0,1,0,0
938,喵驾,2020/11/10,深圳市点嘀互联网络有限公司,出行导航,1,1,1,1,0,1,0,0,1,1,1,1,0,0,0,0,1,0,1
939,怕怕,2020/7/15,有我在（北京）网络科技有限公司,出行导航,1,0,1,1,0,1,0,0,1,1,1,1,0,0,0,1,1,0,1
940,防走丢,2020/11/26,广州云芯信息科技有限公司,出行导航,1,0,1,1,0,1,0,0,1,1,1,1,0,0,0,0,1,0,0
941,图吧导航,2020/11/24,北京图为先科技有限公司,出行导航,0,0,0,1,0,1,0,0,1,1,1,1,0,0,0,0,1,0,0
942,电子狗,2020/10/19,孔祥琦,出行导航,0,0,0,1,0,1,0,0,0,0,1,1,0,0,0,0,0,0,0
943,阿那亚,2020/12/11,北京九州新亚信息技术有限公司,出行导航,1,1,1,1,0,1,0,0,1,1,1,1,0,0,1,0,1,0,1
944,萌驾,2020/1/6,东软集团股份有限公司,出行导航,1,1,1,1,0,1,0,1,1,1,1,1,0,0,0,1,1,1,1
945,慧停车+,2020/11/2,松立控股集团股份有限公司,出行导航,0,0,1,1,0,1,0,0,1,1,1,1,0,0,0,0,1,0,0
946,盐城停车,2019/10/30,盐城城投智能停车场建设管理有限公司,出行导航,0,0,0,1,0,1,1,1,1,1,1,1,0,0,0,0,0,0,1
947,九护手机定位,2020/12/8,深圳安诺盛科技有限公司,出行导航,0,1,0,1,0,1,1,1,0,0,1,1,0,0,1,0,1,0,0
948,货车导航,2020/11/21,广东沙师弟网络科技有限公司,出行导航,1,1,1,1,0,1,1,0,1,1,1,1,0,0,0,0,1,0,1
949,司集,2020/10/1,陕西司集能源科技有限公司,出行导航,0,1,1,1,0,1,1,0,1,1,1,1,0,0,0,0,1,0,1
950,蘑菇知途,2020/7/29,鑫泰智能汽车科技（天津）有限公司,出行导航,1,0,1,1,0,1,0,1,1,1,1,1,0,0,0,0,1,0,1
951,河北高速通,2018/9/29,FALSE,出行导航,0,0,0,1,0,1,0,0,1,1,1,1,0,0,0,0,1,0,1
952,WindLink,2020/10/10,东风汽车集团股份有限公司乘用车公司,出行导航,1,0,1,1,0,1,0,0,1,1,1,1,0,0,0,1,1,0,1
953,智随导航版,2020/4/14,上汽大众汽车有限公司,出行导航,0,0,1,1,0,1,0,0,0,0,1,1,0,0,0,1,1,0,0
954,导航犬,2020/11/24,北京图为先科技有限公司,出行导航,0,0,0,1,0,1,0,0,1,1,1,1,0,0,0,0,1,0,0
955,智行地图导航,2020/10/22,大连快码科技有限公司,出行导航,0,0,0,1,0,1,0,0,1,1,1,1,0,0,0,0,1,0,0
956,思锐,2020/7/17,重庆思锐科技发展有限公司,出行导航,0,0,1,1,0,1,0,0,1,1,1,1,0,0,0,0,1,0,0
957,搜狗导航,2020/4/10,北京搜狗网络技术有限公司,出行导航,0,0,0,1,0,1,0,0,1,1,1,1,0,0,1,0,1,0,0
958,SAICLink,2019/3/27,深圳市点嘀互联网络有限公司,出行导航,0,0,1,1,0,1,0,0,1,1,1,1,0,0,0,0,1,0,0
959,搜狗地图MINI版,2018/9/26,FALSE,出行导航,0,0,1,1,0,1,0,0,1,1,1,1,0,0,0,0,1,0,1
960,博云车联V2,2020/3/8,深圳市博实结科技有限公司,出行导航,0,0,1,1,0,1,0,0,0,0,1,1,0,0,0,0,1,0,1
961,停简单,2020/10/12,北京停简单信息技术有限公司,出行导航,0,0,1,1,0,1,0,0,1,1,1,1,0,0,0,0,0,0,0
962,蜜蜂停车,2020/5/14,深圳市前海亿车科技有限公司,出行导航,1,0,1,1,0,1,0,0,0,1,1,1,0,0,0,0,1,0,0
963,零距离,2020/10/15,深圳市速联星空科技有限公司,出行导航,0,0,1,1,0,1,0,0,1,1,1,1,0,0,0,1,1,0,1
964,叫了个车,2020/12/8,江苏布点网络技术有限公司,出行导航,1,0,0,1,0,1,0,0,0,1,1,1,0,0,0,1,1,0,0
965,重庆交通,2020/10/26,重庆市交通运行监测与应急调度中心,出行导航,1,0,0,1,0,1,1,0,1,1,1,1,0,0,1,1,1,0,1
966,随便走,2020/10/14,深圳市感知网络有限公司,出行导航,0,0,0,1,0,1,0,0,0,1,1,1,0,0,0,0,0,0,0
967,GPS仪表盘,2020/12/4,昆山市费罗多咖啡有限公司,出行导航,0,0,1,1,0,1,0,0,0,1,1,0,0,0,0,0,0,0,0
968,云杉智慧,2020/10/15,云杉智慧新能源技术有限公司,出行导航,1,0,1,1,0,1,0,0,0,1,1,1,0,0,1,0,1,0,1
969,快路况,2020/12/11,北京奇虎科技有限公司,出行导航,0,0,1,1,0,1,0,0,0,0,1,1,0,0,1,0,1,0,1
970,咚咚驾驶,2020/10/19,上海融帜信息技术有限公司,出行导航,1,1,1,1,0,1,0,0,1,0,1,1,0,0,1,0,1,1,1
971,CFMOTO,2020/8/17,浙江春风动力股份有限公司,出行导航,0,0,0,1,0,1,0,0,1,1,1,1,0,0,0,0,1,0,1
972,船来了,2019/12/14,江苏物润船联网络股份有限公司,出行导航,0,0,0,1,0,1,0,0,0,1,1,1,0,0,1,0,0,0,0
973,黄石停车,2020/12/3,黄石市城发停车管理有限公司,出行导航,0,0,1,1,0,1,0,0,1,1,1,1,0,0,0,0,1,0,0
974,GPS手机导航,2020/9/7,大连爱皮皮科技有限公司,出行导航,0,0,0,1,0,1,0,0,1,0,1,1,0,0,0,0,0,0,0
975,卡迈特导航,2020/10/27,深圳市安骋科技有限公司,出行导航,1,0,1,1,0,1,0,0,1,1,1,1,0,0,0,1,1,0,1
976,共享停车,2020/12/4,广州悦停网络科技有限公司,出行导航,0,0,1,1,0,1,0,0,0,1,1,1,0,0,1,0,1,0,0
977,闽通宝,2020/4/30,福建省高速公路信息科技有限公司,出行导航,1,1,1,1,0,1,1,0,1,1,1,1,0,0,1,0,1,0,1
978,飞嘀司机,2020/5/21,北京飞嘀智慧交通科技股份有限公司,出行导航,1,1,1,1,0,1,0,1,1,1,1,1,0,0,1,0,1,0,1
979,爱泊车,2020/7/6,智慧互通科技有限公司,出行导航,0,0,1,1,0,1,0,0,1,1,1,1,0,0,0,0,1,0,0
980,嘟嘟找船,2020/1/10,江苏浩云航联网络科技有限公司,出行导航,0,0,0,1,0,0,0,0,0,1,1,1,0,0,1,0,1,0,1
981,掌车宝查违章,2019/3/28,FALSE,出行导航,0,0,1,1,0,1,0,0,0,0,0,1,0,0,1,0,1,0,1
982,易泊充,2020/7/2,湖南桑德无线科技有限公司,出行导航,0,0,0,1,0,1,0,0,0,1,1,1,0,0,0,0,1,0,1
983,湖南高速通,2020/3/2,湖南省高速公路监控中心,出行导航,1,1,1,1,0,1,1,0,1,1,1,1,0,0,1,0,1,0,1
984,途悠e站司机版,2019/8/29,FALSE,出行导航,0,0,0,1,0,1,0,0,0,1,1,1,0,0,1,1,1,0,1
985,车萝卜小蜜,2020/7/23,北京乐驾科技有限公司,出行导航,1,0,1,1,0,1,0,0,1,1,1,1,0,0,0,0,1,0,1
986,货车通导航,2020/11/20,上海趣驾信息科技有限公司,出行导航,0,0,1,1,0,1,0,0,1,1,1,1,0,0,1,0,1,0,1
987,陆鲸陆运通,2020/11/11,传化公路港物流有限公司,出行导航,1,0,1,1,0,1,0,0,1,1,1,1,0,0,0,0,1,0,1
988,导航犬离线版,2020/11/24,北京图为先科技有限公司,出行导航,0,0,0,1,0,1,0,0,1,1,1,1,0,0,0,0,1,0,0
989,机车游侠,2020/11/8,上海锘钛通信科技有限公司,出行导航,0,0,1,1,0,1,0,0,1,1,1,1,0,0,0,1,1,0,0
990,智能互联,2019/4/28,FALSE,出行导航,1,0,0,1,0,1,0,0,0,0,1,1,0,0,0,0,0,0,1
991,租车宝,2019/7/3,携程旅游网络技术（上海）有限公司,出行导航,1,1,1,1,0,1,1,0,1,1,1,1,0,0,0,0,1,0,1
992,指南针即刻版,2020/10/23,北京天联瑞和科技有限公司,出行导航,0,0,0,1,0,1,0,0,0,0,1,1,0,0,0,0,1,0,0
993,观致逸云,2020/7/15,观致汽车有限公司,出行导航,1,0,0,1,0,1,0,0,1,1,1,1,0,0,0,0,1,0,1
994,乐图,2019/4/30,FALSE,出行导航,0,0,0,1,0,1,0,0,1,1,1,1,0,0,0,0,1,0,1
995,智随车联版,2019/5/20,FALSE,出行导航,1,0,0,1,0,1,0,0,0,0,1,1,0,0,0,0,0,0,1
996,爱查车,2020/10/2,深圳市中科信通信息技术有限公司,出行导航,0,0,1,1,0,1,0,0,0,0,1,1,0,0,0,0,1,0,0
997,Magic Earth,2020/9/29,General Magic B.V.,出行导航,1,0,0,1,0,1,0,0,0,1,1,1,0,0,0,1,0,0,0
998,信诚卫星地图导航,2020/12/11,贵州高德信诚科技有限公司,出行导航,0,0,1,1,0,1,0,0,1,0,1,1,0,0,0,0,1,0,0
999,象前充,2020/8/15,深圳市车电网络有限公司,出行导航,0,0,0,1,0,1,0,0,0,1,1,1,0,0,0,0,1,0,0
1000,嘉定公交,2020/3/2,上海嘉定公共交通有限公司,出行导航,0,1,1,1,0,1,1,1,0,1,1,1,0,0,1,0,1,0,1
1001,私家车位,2020/4/15,成都途图乐科技有限公司,出行导航,0,0,0,1,0,1,1,0,0,1,1,1,0,0,1,0,1,0,0
1019,艺龙酒店,2020/11/6,艺龙网信息技术（北京）有限公司,旅游住宿,1,0,1,1,0,1,0,0,1,1,1,1,0,0,0,0,1,0,0
1020,华人易居,2020/11/2,北京华仁颐居信息科技有限公司,旅游住宿,0,0,0,1,0,1,0,0,0,1,1,1,0,0,0,0,0,0,1
1021,途家民宿,2020/12/9,途家网网络技术（天津）有限公司,旅游住宿,1,0,1,1,0,1,0,0,0,1,1,1,0,0,0,0,0,0,0
1022,民宿宝,2020/11/30,珠海民宿宝网络科技有限公司,旅游住宿,0,0,1,1,0,1,0,0,1,1,1,1,0,0,0,0,1,0,0
1023,锦江酒店,2020/11/19,上海锦江国际电子商务有限公司,旅游住宿,1,0,0,1,0,1,0,0,1,1,1,1,0,0,0,0,1,0,1
1024,异乡,2020/12/10,北京异乡旅行网络科技有限公司,旅游住宿,1,0,1,1,0,1,0,0,1,1,1,1,0,0,1,1,1,0,0
1025,华住会,2020/11/6,华住酒店管理有限公司,旅游住宿,1,0,1,1,0,1,0,0,1,1,1,1,0,0,0,0,1,0,1
1026,爱彼迎,2020/12/9,安彼迎网络（北京）有限公司,旅游住宿,1,0,0,1,0,1,0,0,1,1,1,1,0,0,1,0,1,0,0
1027,小猪民宿,2020/12/10,北京快跑信息科技有限公司,旅游住宿,0,0,1,0,0,1,0,0,1,1,1,1,0,0,0,0,1,0,0
1028,首旅如家,2020/11/22,和美酒店管理（上海）有限公司,旅游住宿,1,0,1,1,0,1,0,0,0,1,1,1,0,0,0,1,1,0,1
1029,格林,2020/12/4,格林豪泰酒店（中国）有限公司,旅游住宿,0,0,0,1,0,1,0,0,0,1,1,1,0,0,0,0,1,0,1
1030,木鸟民宿,2020/12/3,北京爱游易科技有限公司,旅游住宿,0,0,1,1,0,1,0,0,0,1,1,1,0,0,1,0,1,0,0
1031,OYO酒店,2020/12/8,北京佳游乐玩科技有限公司,旅游住宿,0,0,1,1,0,1,0,0,0,1,1,1,0,0,0,0,1,0,1
1032,汉爵促销宝,2020/8/25,宁波白金汉爵酒店投资有限公司,旅游住宿,1,0,1,1,0,1,0,0,0,1,1,1,0,0,1,0,1,0,1
1033,Booking.com缤客,2020/12/10,博房网客服中心（上海）有限公司,旅游住宿,0,0,0,1,0,0,0,0,1,1,1,1,0,0,1,0,0,0,0
1034,美团酒店商家,2020/9/1,天津滨海新区美团旅游有限责任公司,旅游住宿,1,0,1,1,0,1,0,1,1,1,1,1,0,0,1,1,1,0,1
1035,亚朵,2020/12/8,上海亚朵商业管理（集团）股份有限公司,旅游住宿,1,0,1,1,0,1,0,0,1,1,1,1,0,0,1,0,1,0,1
1036,万豪旅享家,2020/10/13,上海姜根酒店管理有限公司,旅游住宿,0,0,0,0,0,1,0,0,0,1,0,0,0,0,0,0,0,0,0
1037,维也纳酒店,2020/12/7,维也纳酒店有限公司,旅游住宿,1,0,1,1,0,1,0,0,0,0,1,1,0,0,0,0,1,0,0
1038,蚂蚁短租,2020/12/9,北京裕山阳科技发展有限公司,旅游住宿,1,0,1,1,0,1,0,0,0,1,1,1,0,0,0,0,0,0,1
1039,携程eBooking,2020/11/18,上海赫程国际旅行社有限公司,旅游住宿,0,1,1,1,0,1,1,0,1,1,1,1,0,0,1,0,1,0,1
1040,IHG,2020/11/24,六洲酒店管理（上海）有限公司,旅游住宿,0,0,0,1,0,1,0,0,0,1,1,0,0,0,1,0,0,0,0
1041,东呈会,2020/12/9,广西城市便捷酒店管理有限公司,旅游住宿,0,0,1,1,0,1,0,0,0,1,1,1,0,0,0,0,1,0,1
1042,希尔顿荣誉客会,2020/11/30,希尔顿酒店管理（上海）有限公司,旅游住宿,0,0,0,0,0,0,0,0,0,0,0,0,0,0,0,0,0,0,0
1043,Agoda安可达,2020/9/24,Agoda Company PTE. LTD.,旅游住宿,0,0,1,1,0,1,0,0,0,1,1,1,0,0,0,0,1,0,0
1044,阿拉丁,2019/9/12,北京尚儒沃德网络科技有限公司,旅游住宿,0,0,0,1,0,1,0,0,0,1,1,1,0,0,0,0,0,0,1
1045,凯悦酒店,2020/12/11,凯悦国际酒店管理（北京）有限责任公司,旅游住宿,0,0,0,0,0,1,0,0,0,0,0,0,0,0,0,0,0,0,0
1046,客多多短租助手,2020/7/11,北京天下有家信息技术有限公司,旅游住宿,0,0,1,1,0,1,0,0,0,1,1,1,0,0,0,0,1,0,0
1047,香格里拉,2020/8/19,香格里拉饭店管理（上海）有限公司北京分公司,旅游住宿,0,0,0,1,0,1,0,0,0,0,1,1,0,0,0,0,0,0,0
1048,速8酒店,2020/11/19,速伯艾特(北京)国际酒店管理有限公司,旅游住宿,1,0,1,1,0,1,0,0,1,1,1,1,0,0,0,0,1,0,1
1049,周末酒店,2020/11/22,上海尚旅网络科技有限公司,旅游住宿,0,0,1,1,0,1,0,0,1,1,1,1,0,0,0,0,1,0,1
1050,住多多,2020/6/15,重庆住多多科技有限责任公司,旅游住宿,0,0,1,1,0,1,0,1,0,1,1,1,0,0,1,0,1,0,0
1051,尚美生活,2020/12/8,上海优恒酒店管理有限公司,旅游住宿,0,0,1,1,0,1,0,0,1,1,1,1,0,0,1,0,1,0,1
1052,云掌柜,2020/11/23,北京米天下科技股份有限公司,旅游住宿,0,0,0,1,0,1,0,0,0,1,1,1,0,0,0,0,1,0,1
1053,会员通,2020/12/1,上海锦江国际电子商务有限公司,旅游住宿,1,1,1,1,0,1,1,0,1,1,1,1,0,0,1,1,1,0,1
1054,Accor All,2020/10/22,雅华酒店管理（上海）有限公司,旅游住宿,0,0,0,1,0,1,0,0,1,0,1,0,0,0,1,0,0,0,0
1055,城家,2020/12/1,丞家（上海）公寓管理有限公司,旅游住宿,1,0,0,1,0,1,0,0,0,1,1,1,0,0,0,0,1,0,1
1056,开元商祺会,2020/10/21,浙江开元酒店管理有限公司,旅游住宿,0,0,0,1,0,1,0,0,0,1,1,1,0,0,0,0,1,0,1
1057,同程旅行商家,2020/9/2,北京艺龙国际旅行社有限公司天津分公司,旅游住宿,0,0,1,1,0,1,0,0,0,1,1,1,0,0,0,0,1,0,0
1058,银座酒店,2020/7/7,山东银座佳驿酒店有限公司,旅游住宿,0,0,1,1,0,1,0,0,0,0,1,1,0,0,0,0,0,0,0
1059,乡导,2020/12/4,深圳市乡导科技有限公司,旅游住宿,0,0,1,1,0,1,0,0,1,1,1,1,0,0,0,0,1,0,0
1060,安伴管家,2020/1/21,天津安伴智能科技有限公司,旅游住宿,0,0,0,1,0,1,0,0,0,1,1,1,0,0,0,0,0,0,0
1061,一田一墅,2019/11/4,启汇科技,旅游住宿,0,0,1,1,0,1,0,0,1,1,1,1,0,0,0,0,0,0,1
1062,民宿客栈网,2020/10/15,北京爱游易科技有限公司,旅游住宿,0,0,1,1,0,1,0,0,1,1,1,1,0,0,1,0,1,0,1
1063,住哪儿,2017/6/28,北京久游科技有限公司,旅游住宿,1,0,0,0,0,1,0,0,0,1,0,0,0,0,0,0,1,0,0
1064,差旅天下,2020/12/3,吉林省差旅天下网络技术股份有限公司,旅游住宿,1,0,1,1,0,1,0,0,1,1,1,1,0,0,0,0,0,0,1
1065,路客精品民宿,2020/10/15,北京路客互联网科技有限公司,旅游住宿,0,0,1,1,0,1,0,0,1,1,1,1,0,0,0,0,1,0,0
1066,一家民宿,2019/9/24,FALSE,旅游住宿,0,0,1,1,0,1,0,0,1,1,1,1,0,0,1,1,1,0,1
1067,学旅家Student.com,2020/12/3,江曲投资咨询（上海）有限公司,旅游住宿,0,0,0,1,0,0,0,0,1,1,1,1,0,0,0,0,0,0,1
1068,花筑旅行,2020/9/27,旅悦旅游信息技术（北京）有限公司,旅游住宿,1,0,1,1,0,1,0,0,0,1,1,1,0,0,1,0,1,0,1
1069,青芒果订酒店,2020/3/13,深圳市青芒果信息技术咨询有限公司,旅游住宿,0,0,1,1,0,1,0,0,0,0,1,1,0,0,0,0,1,0,1
1070,爱订房,2020/7/16,深圳爱订房科技有限公司,旅游住宿,1,1,1,1,0,1,1,1,1,1,1,1,0,0,1,1,1,1,1
1071,直订,2020/12/9,直订网网络科技（北京）有限公司,旅游住宿,0,0,1,1,0,1,0,0,1,1,1,1,0,0,0,0,1,0,1
1072,艺龙旅行极速版,2020/1/19,艺龙网信息技术（北京）有限公司,旅游住宿,1,0,0,1,0,1,0,0,1,1,1,1,0,0,1,0,0,0,0
1073,优享会,2020/7/17,四川畅游天翼科技有限公司,旅游住宿,0,0,0,1,0,1,0,0,1,1,1,1,0,0,0,0,0,0,0
1074,游天下,2020/10/23,北京搜房网络技术有限公司,旅游住宿,1,1,1,1,0,1,1,1,1,1,1,1,0,0,1,0,1,0,1
1075,住哪儿民宿,2019/6/27,艺龙信息技术（合肥）有限公司,旅游住宿,0,0,1,1,0,1,0,0,0,0,1,1,0,0,0,0,1,0,1
1076,爱住酒店,2020/6/29,贵州四月八酒店投资管理有限公司,旅游住宿,1,0,0,1,0,1,0,0,1,1,1,1,0,0,1,1,1,0,1
1077,美豪酒店,2020/11/30,上海美豪酒店管理股份有限公司,旅游住宿,0,0,1,1,0,1,0,0,0,1,1,1,0,0,0,0,1,0,0
1078,金色世纪,2020/12/3,北京金色世纪商旅网络科技股份有限公司,旅游住宿,1,1,1,1,0,1,1,0,1,1,1,1,0,0,1,0,1,0,1
1079,5X兴趣社区,2020/1/11,北京斯帕克科技有限公司,旅游住宿,0,0,1,1,0,1,0,0,1,1,1,1,0,0,1,0,1,0,1
1080,寄居蟹旅行,2020/11/18,四川墨竹旅游咨询有限公司,旅游住宿,0,0,0,1,0,1,0,0,0,1,1,1,0,0,0,0,0,0,0
1081,HRS商旅,2020/9/29,驿舒达酒店预订服务（上海）有限公司,旅游住宿,0,0,0,1,0,1,0,0,0,1,1,1,0,0,1,0,0,0,0
1082,美通行,2020/11/11,北京隆姿青云科技有限公司,旅游住宿,0,0,0,1,0,1,0,0,0,1,1,1,0,0,0,0,1,0,1
1083,小屋智趣,2020/11/3,西安悦维联动科技有限公司,旅游住宿,0,0,0,1,0,1,0,0,0,1,1,1,0,0,0,0,0,0,1
1084,MVM猫喂猫,2020/10/10,北京世纪联合网络技术有限公司,旅游住宿,1,0,0,1,0,1,0,0,0,1,1,1,0,0,1,0,1,0,1
1085,114差旅通,2020/9/19,号百商旅电子商务有限公司,旅游住宿,1,0,0,1,0,1,0,0,0,0,1,0,0,0,0,0,0,0,0
1086,有人有活-帮工端,2020/7/1,广州市北昂科技有限公司,旅游住宿,1,1,1,1,0,1,1,1,1,1,1,1,0,0,1,1,1,0,1
1087,迎客,2020/2/25,深圳市青芒果信息技术咨询有限公司,旅游住宿,0,0,1,1,0,1,0,1,0,1,1,1,0,0,0,0,1,0,1
1088,自家民宿,2019/12/28,江西自家网络科技有限公司,旅游住宿,1,1,0,1,0,1,1,1,1,1,1,1,0,0,1,1,1,0,1
1089,几何精品酒店民宿预订,2019/10/19,杭州恰途科技有限公司,旅游住宿,0,1,0,1,0,1,0,0,0,0,1,1,0,0,0,0,1,0,0
1090,凯撒商旅,2020/11/20,凯撒景鸿（北京）商务旅游有限责任公司,旅游住宿,1,0,0,1,0,1,0,0,0,1,1,1,0,0,0,1,0,0,0
1091,99旅馆连锁,2018/11/5,上海恭胜酒店管理有限公司,旅游住宿,1,0,0,1,0,1,0,0,1,1,0,1,0,0,1,1,1,0,1
1092,HOTEL INFO,2019/11/5,驿舒达酒店预订服务（上海）有限公司,旅游住宿,0,0,0,0,0,0,0,0,0,0,0,0,0,0,0,0,0,0,0
1093,OVU公寓,2020/9/1,武汉光谷联合集团有限公司,旅游住宿,0,0,1,1,0,1,0,0,1,1,1,1,0,0,0,0,1,0,0
1094,我行我宿,2020/7/17,广州亿涵信息技术有限公司,旅游住宿,1,1,1,1,0,1,1,1,1,1,1,1,0,0,1,0,1,0,0
1095,优优行,2020/8/2,四川我要去哪科技股份有限公司,旅游住宿,1,0,1,1,0,1,0,0,1,1,1,1,0,0,0,1,1,0,1
1096,一宿酒店,2019/8/23,嗨海友酒店管理（宁波）有限公司,旅游住宿,1,0,0,1,0,1,0,0,0,1,1,1,0,0,0,0,1,0,1
1097,探索雅星会,2020/9/26,雅诗阁物业管理（上海）有限公司,旅游住宿,0,0,0,1,0,0,0,0,0,1,1,0,0,0,0,0,0,0,0
1098,斯维登预订,2019/11/6,上海途颐信息技术有限公司,旅游住宿,0,0,1,1,0,1,0,0,1,1,1,1,0,0,0,0,1,1,1
1099,途乐民宿,2020/7/21,广东途乐物业管理服务有限公司,旅游住宿,0,0,0,1,0,1,0,0,0,1,1,1,0,0,0,0,0,0,1
1100,山海边,2020/4/23,山海边（北京）电子商务股份有限公司,旅游住宿,0,0,1,1,0,1,0,0,0,1,1,1,0,0,0,0,1,0,1
1101,滨湖租赁,2019/12/13,合肥市滨湖新区房屋租赁有限公司,旅游住宿,1,0,1,1,0,1,0,1,1,1,1,1,0,0,0,1,1,0,0
1102,悦宿,2019/7/16,想住科技（北京）有限公司,旅游住宿,0,0,1,1,0,1,0,0,1,1,1,1,0,0,0,0,1,0,0
1103,都市酒店,2020/12/8,青岛宸悦雅酒店管理有限公司,旅游住宿,0,0,0,1,0,1,0,0,0,1,1,1,0,0,0,0,1,0,0
1104,逸民宿,2020/7/8,北京逸墅网络科技有限公司,旅游住宿,0,0,0,1,0,1,0,0,1,1,1,1,0,0,0,0,1,0,1
1105,百驴旅游,2020/10/14,湖州百驴旅游科技有限公司,旅游住宿,1,0,0,1,0,1,0,0,0,1,1,1,0,0,1,1,1,0,1
1106,逸柏酒店,2020/4/14,瀚逸酒店管理（上海）有限公司,旅游住宿,0,0,0,1,0,1,0,0,0,1,1,1,0,0,1,0,1,0,1
1107,熊猫短租,2018/7/11,FALSE,旅游住宿,1,1,0,0,0,1,1,0,0,1,0,0,0,0,0,0,1,0,1
1108,七心短租,2018/9/9,FALSE,旅游住宿,0,0,1,1,0,1,0,0,0,1,1,1,0,0,0,0,1,0,1
1109,住墅民宿,2020/10/26,九五住墅（北京）信息技术有限公司,旅游住宿,1,0,1,1,0,1,0,0,1,1,1,1,0,0,1,1,1,0,1
1110,乡村旅居,2020/11/17,中养文旅（北京）科技有限公司,旅游住宿,0,0,1,1,0,1,0,0,1,1,1,1,0,0,0,0,1,0,0
1111,KEYS潮宿,2018/10/14,FALSE,旅游住宿,0,0,1,1,0,1,0,0,0,1,1,1,0,0,1,0,1,0,0
1112,美宿,2020/9/4,浙江水月清华酒店管理有限公司,旅游住宿,0,0,1,1,0,1,0,0,1,1,1,1,0,0,0,0,0,0,0
1113,瓜山未来社区,2020/11/12,南京朗诗寓商业管理有限公司,旅游住宿,1,0,1,1,0,1,0,0,0,1,1,1,0,0,1,0,1,0,1
1114,SRS,2019/12/6,三星新罗商务服务（北京）有限公司,旅游住宿,0,0,0,1,0,1,0,0,0,1,1,0,0,0,0,0,0,0,0
1115,菲住智能,2020/8/18,北京小吧智能科技有限公司,旅游住宿,1,0,0,1,0,1,0,0,1,1,1,1,0,0,1,1,1,0,1
1116,东南青年汇,2020/8/4,南京东南公寓管理有限公司,旅游住宿,0,0,1,1,0,1,0,0,1,1,1,1,0,0,0,0,1,0,0
1117,乐活酒店,2020/5/12,常州乐活旅游投资有限公司,旅游住宿,0,0,1,1,0,1,0,0,0,0,1,1,0,0,1,0,0,0,1
1200,淘宝特价版,2020/12/2,淘宝（中国）软件有限公司,购物比价,1,0,1,1,0,1,0,0,1,1,1,1,0,0,0,0,1,0,0
1201,趣多省爵士卡,2020/12/9,成都优选仓科技有限公司,购物比价,1,0,1,1,0,1,0,1,1,1,1,1,0,0,0,0,0,0,1
1202,全球购骑士特权,2020/12/9,广州探途网络技术有限公司,购物比价,0,0,1,1,0,1,0,0,1,1,1,1,0,0,0,0,1,0,0
1203,淘券吧,2020/12/3,上海赐云网络科技有限公司,购物比价,0,0,0,1,0,1,0,0,1,1,1,1,0,0,0,0,1,0,0
1204,省钱快报,2020/12/4,北京云动九天科技有限公司,购物比价,1,0,1,1,0,1,0,0,1,1,1,1,0,0,1,0,1,0,0
1205,婚宴酒店大全,2019/6/21,FALSE,购物比价,0,0,1,1,0,1,0,0,1,1,1,1,0,0,0,0,1,0,1
1206,海豚优惠,2020/11/23,深圳市镇店科技有限公司,购物比价,0,0,1,1,0,1,0,0,1,1,1,1,0,0,0,0,1,0,0
1207,巨盆,2020/12/1,上海聚鹏科技有限公司,购物比价,0,0,1,1,0,1,0,0,0,1,1,1,0,0,0,0,1,0,0
1208,淘券猫,2020/12/4,宁波仁誉电子商务有限公司,购物比价,0,0,0,1,0,1,0,0,1,1,1,1,0,0,0,0,1,0,1
1209,花省,2020/10/23,宁波象宁宝波电子商务有限公司,购物比价,0,0,0,1,0,1,0,0,1,1,1,1,0,0,0,0,1,0,1
1210,余额淘,2020/12/7,阳江市淘淘网络科技有限公司,购物比价,0,0,1,1,0,1,0,0,0,1,1,1,0,0,0,0,1,0,0
1211,购物返利联盟,2020/12/1,广州智精灵科技有限公司,购物比价,0,0,0,1,0,1,0,0,1,1,1,1,0,0,0,0,1,0,0
1212,淘券猫优惠券,2020/11/9,杭州介海电子商务有限公司,购物比价,0,0,1,1,0,1,0,0,0,1,1,1,0,0,0,0,1,0,0
1213,粉丝福利购,2020/11/18,深圳市北街网络科技有限公司,购物比价,0,0,0,1,0,1,0,0,1,1,1,1,0,0,0,0,1,0,0
1214,种草生活,2020/12/9,无锡闪光点信息科技有限公司,购物比价,0,0,0,1,0,1,0,0,1,1,1,1,0,0,0,0,1,0,0
1215,步步有宝,2020/11/14,陈炎忠,购物比价,1,0,1,1,0,1,0,0,0,1,1,1,0,0,1,0,1,0,1
1216,美团买菜,2020/11/26,北京宝宝爱吃餐饮管理有限公司,购物比价,0,0,1,1,0,1,0,0,1,1,1,1,0,0,0,0,0,0,1
1217,优惠券超市,2020/9/23,好省钱（厦门）网络科技有限公司,购物比价,0,0,1,1,0,1,0,0,0,1,1,1,0,0,0,0,1,0,0
1218,喵街,2020/11/1,浙江云淘联商信息技术有限公司,购物比价,1,0,1,1,0,1,0,0,1,1,1,1,0,0,0,0,1,0,0
1219,黑牛购,2020/12/7,广州卓动信息科技有限公司,购物比价,0,0,0,1,0,1,0,0,0,1,1,1,0,0,0,0,1,0,0
1220,花生日记,2020/12/1,广州花生日记网络科技有限公司,购物比价,1,0,1,1,0,1,0,0,1,1,1,0,0,0,0,0,0,0,0
1221,好省,2020/12/10,杭州嘉洁网络科技有限公司,购物比价,0,0,1,1,0,1,0,0,1,1,1,1,0,0,0,0,0,0,0
1222,淘宝联盟,2020/12/10,淘宝（中国）软件有限公司,购物比价,1,0,1,1,0,1,0,0,0,1,1,1,0,0,0,0,1,0,0
1223,租一个租号平台,2020/10/21,金华有二手信息技术有限公司,购物比价,0,0,1,1,0,1,0,0,0,1,1,1,0,0,0,0,1,0,0
1224,实惠喵,2020/12/9,上海喜狐文化传播有限公司,购物比价,0,0,1,1,0,1,0,0,0,0,1,1,0,0,0,0,0,0,0
1225,粉象生活,2020/12/10,杭州粉象家科技有限公司,购物比价,0,0,1,1,0,1,0,0,1,1,1,1,0,0,0,0,0,0,0
1226,美物清单,2020/12/2,美迅科技（北京）有限公司,购物比价,1,0,1,1,0,0,0,0,1,1,1,1,0,0,1,0,1,0,1
1227,神通卡,2020/12/9,上海甄祺电子商务有限公司,购物比价,0,0,1,1,0,1,0,0,0,1,1,1,0,0,0,0,1,0,0
1228,慢慢买,2020/12/10,杭州磅礴科技有限公司,购物比价,0,0,1,1,0,1,0,0,1,1,1,1,0,0,0,0,1,0,0
1229,省点花锦鲤卡,2020/11/25,广州糯米糍信息科技有限公司,购物比价,0,0,1,1,0,1,0,0,1,1,1,1,0,0,0,0,1,0,0
1230,美逛,2020/12/7,杭州美逛信息科技有限公司,购物比价,1,0,0,1,0,1,0,0,1,1,1,1,0,0,1,0,1,0,0
1231,淘粉吧,2020/12/1,杭州淘粉吧网络技术股份有限公司,购物比价,0,0,1,1,0,1,0,1,1,1,1,1,0,0,0,0,1,0,0
1232,高佣联盟,2020/12/7,杭州知买科技有限公司,购物比价,0,0,1,1,0,1,0,0,1,1,1,0,0,0,0,0,0,0,1
1233,返利,2020/11/25,上海中彦信息科技股份有限公司,购物比价,1,0,1,1,0,1,0,0,1,1,1,1,0,0,0,0,1,0,0
1234,靓号网络电话,2020/11/24,深圳市满意一百管理咨询有限公司,购物比价,1,0,0,1,0,0,0,0,0,0,1,1,0,0,0,1,0,1,1
1235,蜂鸟有享,2020/11/26,蜂鸟有享,购物比价,0,0,0,1,0,1,0,0,1,1,1,1,0,0,0,0,1,0,1
1236,京粉,2020/11/25,北京京东叁佰陆拾度电子商务有限公司,购物比价,0,0,1,1,0,1,0,0,0,1,1,0,0,0,0,0,1,0,0
1237,生日管家,2020/12/7,北京十月逸栈科技有限公司,购物比价,1,0,1,1,0,1,0,0,1,1,1,1,0,0,0,0,1,0,0
1238,集享联盟,2020/12/7,上海纳客宝信息技术有限公司,购物比价,1,0,1,1,0,1,0,0,1,1,1,1,0,0,0,0,1,0,1
1239,美甲帮,2020/12/1,广州牧云网络科技有限公司,购物比价,1,0,1,1,0,1,0,0,1,1,1,1,0,0,1,0,1,0,0
1240,淘小铺,2020/11/30,淘宝（中国）软件有限公司,购物比价,0,0,1,1,0,1,0,0,1,1,1,1,0,0,0,0,0,0,0
1241,多多团长,2020/11/30,上海寻梦信息技术有限公司,购物比价,0,0,1,1,0,1,0,0,0,0,1,1,0,0,1,0,0,0,0
1242,返还网,2020/11/17,厦门灵感方舟网络科技有限公司,购物比价,0,0,1,1,0,0,0,0,1,1,1,1,0,0,0,0,0,0,0
1243,畅由,2020/12/7,上海分互链信息技术有限公司,购物比价,1,0,1,1,0,1,0,1,0,1,1,1,0,0,0,0,1,0,1
1244,福袋生活,2020/12/8,广州市福袋生活信息科技有限公司,购物比价,0,0,1,1,0,1,0,0,0,1,1,0,0,0,0,0,1,0,0
1245,8868手游交易,2020/7/1,广州聚好玩信息科技有限公司,购物比价,0,0,1,1,0,1,0,0,0,0,1,1,0,0,0,0,1,0,0
1246,千牛特价版,2020/11/18,淘宝（中国）软件有限公司,购物比价,1,0,1,1,0,1,0,0,1,1,1,1,0,0,1,1,1,0,1
1247,小美帮帮,2020/10/31,国美在线电子商务有限公司,购物比价,1,0,1,1,0,1,0,0,1,1,0,1,0,0,1,0,1,0,1
1248,券妈妈优惠券返利,2020/8/3,合肥润傲信息科技有限公司,购物比价,0,0,1,1,0,1,0,0,1,1,1,1,0,0,0,0,1,0,0
1249,爱库存,2020/12/11,上海众旦信息科技有限公司,购物比价,0,0,1,1,0,1,0,0,1,1,1,1,0,0,0,0,1,0,0
1250,京东饭粒,2020/11/19,北京京东叁佰陆拾度电子商务有限公司,购物比价,0,0,0,1,0,0,0,0,0,0,1,1,0,0,0,0,0,0,0
1251,折800,2020/11/26,团博百众（北京）科技有限公司,购物比价,1,0,1,1,0,1,0,0,0,1,1,1,0,0,0,0,1,0,0
1252,DD特卖,2020/12/12,湖北天聚汇信科技发展有限公司,购物比价,0,0,1,1,0,1,0,0,1,1,1,1,0,0,0,0,1,0,0
1253,同学会,2020/12/2,深圳众海诚信息咨询服务有限公司,购物比价,1,0,1,1,0,1,0,0,1,1,1,1,0,0,0,0,0,0,0
1254,惠买,2020/12/3,北京惠买网络科技有限公司,购物比价,0,0,1,1,0,0,0,0,1,1,1,1,0,0,0,0,1,0,1
1255,大润发e路发,2020/10/27,上海飞牛集达电子商务有限公司,购物比价,0,0,0,1,0,1,0,0,0,1,1,1,0,0,0,0,0,0,1
1256,好券,2020/11/30,苏州畅微信息科技有限公司,购物比价,0,0,1,1,0,1,0,0,1,1,1,1,0,0,0,0,1,0,1
1257,优惠券多多省钱特价版,2020/12/5,一古（厦门）科技有限公司,购物比价,0,0,0,1,0,0,0,0,0,0,1,1,0,0,0,0,1,0,0
1258,好省,2020/9/26,福建微商联网络科技有限公司,购物比价,0,0,1,1,0,1,0,0,0,1,1,1,0,0,0,0,1,0,0
1259,邮乐小店,2020/12/1,上海邮乐网络技术有限公司,购物比价,1,0,0,1,0,1,0,0,1,1,1,1,0,0,0,0,1,0,0
1260,包小省,2020/11/27,台州清懂网络科技有限公司,购物比价,1,0,1,1,0,1,0,0,1,1,1,1,0,0,1,0,1,0,0
1261,花生返利,2020/12/6,上海翊咖网络科技有限公司,购物比价,0,0,0,1,0,0,0,0,0,0,1,1,0,0,0,0,1,0,0
1262,分毫报价,2020/12/7,深圳市分毫科技有限公司,购物比价,1,0,1,1,0,1,0,0,1,1,1,1,0,0,0,0,1,0,0
1263,历史价格查询,2020/12/5,杭州磅礴科技有限公司,购物比价,0,0,1,1,0,1,0,0,0,1,1,1,0,0,0,0,1,0,0
1264,粉色成人两性情趣社,2020/5/18,东莞市联拓文化用品有限公司,购物比价,0,0,1,1,0,1,0,0,0,1,1,1,0,0,0,0,1,0,1
1265,好衣库,2020/12/3,杭州好一库网络科技有限公司,购物比价,0,0,1,1,0,1,0,0,1,1,1,1,0,0,0,0,0,0,0
1266,试客联盟,2020/12/8,南宁一站网网络技术有限公司,购物比价,1,0,1,1,0,1,0,0,1,1,1,1,0,0,1,1,1,0,0
1267,赚钱宝宝,2020/9/19,深圳毓金智慧科技有限公司,购物比价,0,0,0,1,0,1,0,0,0,1,1,1,0,0,0,0,0,0,0
1268,虚贝租号极速版,2020/11/19,武汉诸相网络科技有限公司,购物比价,0,0,1,1,0,1,0,0,0,1,1,1,0,0,0,0,1,0,0
1269,月光宝盒,2020/6/13,长沙月光宝盒多池互联网有限公司,购物比价,0,0,1,1,0,1,0,0,1,1,1,1,0,0,0,0,1,0,1
1270,爱淘金,2020/12/3,烟台巅峰网络科技有限公司,购物比价,0,0,1,1,0,1,0,0,1,1,1,1,0,0,0,0,1,0,0
1271,省鸭,2020/12/4,郑州星分网络科技有限公司,购物比价,0,1,1,1,0,1,1,0,1,1,1,1,0,0,0,0,1,0,0
1272,亿品赞,2020/11/20,广西潮志信息科技有限公司,购物比价,0,0,0,1,0,0,0,0,1,1,1,1,0,0,0,0,0,0,0
1273,新盐,2020/12/2,广州衣神科技有限公司,购物比价,0,0,0,1,0,0,0,0,0,1,1,1,0,0,0,0,0,0,0
1274,电竞帮,2020/6/16,江苏爱袋网络科技有限公司,购物比价,0,0,1,1,0,0,0,0,1,1,1,1,0,0,1,0,1,0,0
1275,一折特卖,2020/10/30,厦门三零零网络科技有限公司,购物比价,1,0,0,1,0,0,0,0,0,1,1,1,0,0,0,0,0,0,0
1276,更省,2020/12/11,北京有爱时代科技有限公司,购物比价,1,0,0,1,0,1,0,0,1,1,1,1,0,0,0,0,1,0,0
1277,省公子,2020/12/9,厦门大锤网络科技有限公司,购物比价,0,0,0,1,0,1,0,0,1,1,1,1,0,0,0,0,1,0,0
1278,荟品仓,2020/11/10,上海荟力电子商务有限公司,购物比价,0,0,1,1,0,1,0,0,1,1,1,1,0,0,0,0,1,0,1
1279,小象省钱花,2020/12/7,上海巨潮信息技术有限公司,购物比价,1,0,1,1,0,1,0,1,1,1,1,1,0,0,0,1,1,0,1
1280,省心购,2020/11/27,上海极信科技有限公司,购物比价,0,0,1,1,0,0,0,0,1,1,1,1,0,0,0,0,1,0,1
1281,返利省钱联盟,2020/11/30,广州佰源科技有限公司,购物比价,0,0,0,1,0,1,0,0,1,1,1,1,0,0,0,0,1,0,0
1282,熊猫优选,2020/11/18,杭州铕璨网络科技有限公司,购物比价,1,0,0,1,0,1,0,0,0,1,1,1,0,0,0,0,1,0,0
1283,花海仓,2020/12/12,广州品唯软件有限公司,购物比价,0,0,1,1,0,0,0,0,1,1,1,0,0,0,0,0,0,0,0
1284,电动车之家,2019/10/14,江苏春虹互联网有限公司,购物比价,1,1,1,1,0,1,1,0,1,1,1,1,0,0,0,0,1,0,1
1285,骑呗购,2020/4/26,上海骑呗信息技术有限公司,购物比价,1,1,1,1,0,1,0,0,0,1,1,1,0,0,0,0,1,1,1
1286,卷皮折扣,2020/11/24,武汉奇米网络科技有限公司,购物比价,1,0,1,1,0,1,0,0,1,1,1,1,0,0,1,0,1,0,1
1287,创客云商,2020/12/9,西安创客村电子商务有限责任公司,购物比价,0,0,1,1,0,1,0,0,1,1,1,1,0,0,1,0,1,0,1
1288,一元天天购,2020/1/16,杭州网期科技有限公司,购物比价,0,0,1,1,0,1,0,0,0,1,1,1,0,0,0,0,0,0,0
1289,SteamPY,2020/12/9,上海部恩科技有限公司,购物比价,0,0,0,1,0,0,0,0,0,1,1,0,0,0,0,0,0,0,0
1290,享库生活,2020/12/8,Tony,购物比价,0,0,0,1,0,1,0,0,1,1,1,1,0,0,0,0,0,0,0
1292,腾讯自选股,2020/12/1,腾讯科技（深圳）有限公司,金融理财,0,0,1,1,0,0,0,0,1,1,1,1,0,0,0,0,1,0,0
1293,益盟操盘手,2020/12/4,益盟股份有限公司,金融理财,1,0,1,1,0,1,1,1,1,1,1,1,0,0,0,1,1,0,1
1294,东方财富,2020/11/21,东方财富信息股份有限公司,金融理财,1,0,1,1,0,1,0,0,1,1,1,1,0,0,0,0,0,0,0
1295,富途牛牛,2020/12/10,深圳市富途网络科技有限公司,金融理财,0,0,1,1,0,0,0,0,1,1,1,1,0,0,0,0,1,0,0
1296,同花顺,2020/12/8,浙江核新同花顺网络信息股份有限公司,金融理财,0,0,1,1,0,1,0,0,1,1,1,1,0,0,0,0,1,0,0
1297,平安证券,2020/12/8,平安证券股份有限公司,金融理财,1,0,1,1,0,0,0,0,1,1,1,1,0,0,0,0,1,0,0
1298,益学堂,2020/12/7,上海益学投资咨询有限公司,金融理财,0,0,1,1,0,1,0,0,0,1,1,1,0,0,0,0,0,0,1
1299,老虎证券Tiger Trade,2020/12/12,北京优虎网络科技有限公司,金融理财,1,0,1,1,0,0,0,0,1,1,1,1,0,0,1,0,0,0,0
1300,益盟经典版,2020/11/11,益盟股份有限公司,金融理财,1,0,1,1,0,1,1,1,1,1,1,1,0,0,0,1,1,0,1
1301,萝卜投研,2020/12/9,通联数据股份公司,金融理财,1,0,1,1,0,1,0,0,1,1,1,1,0,0,1,1,1,0,1
1302,短线王,2020/12/9,智顾时代（北京）科技有限公司,金融理财,0,0,1,1,0,1,0,0,1,1,1,1,0,0,0,0,1,0,1
1303,广发易淘金,2020/12/1,广发证券股份有限公司,金融理财,0,0,1,1,0,1,0,0,1,1,1,1,0,0,0,0,0,0,1
1304,私募排排网,2020/11/27,深圳市排排网投资管理股份有限公司,金融理财,1,0,1,1,0,1,0,0,1,1,1,1,0,0,1,0,1,0,1
1305,点掌财经,2020/10/30,上海点掌文化传媒股份有限公司,金融理财,0,0,1,1,0,1,0,0,0,1,1,1,0,0,1,0,1,0,1
1306,海通证券开户,2020/8/14,海通证券股份有限公司,金融理财,0,0,1,1,0,1,0,0,1,1,1,1,0,0,0,0,1,0,1
1307,万联证券股票开户,2020/12/4,万联证券股份有限公司,金融理财,0,0,0,1,0,1,0,0,1,1,1,1,0,0,0,0,0,0,1
1308,广发证券开户,2020/12/8,广发证券股份有限公司,金融理财,0,0,1,1,0,1,0,0,1,1,1,1,0,0,1,0,0,0,1
1309,雪球,2020/12/3,北京雪球信息科技有限公司,金融理财,0,0,1,1,0,0,0,0,1,1,1,1,0,0,0,0,1,0,0
1310,金太阳,2020/12/8,国信证券股份有限公司,金融理财,0,0,0,1,0,0,0,0,1,1,1,1,0,0,0,0,0,0,0
1311,大智慧,2020/12/1,上海大智慧信息科技有限公司,金融理财,1,0,1,1,0,1,0,0,1,1,1,1,0,0,0,0,1,0,0
1312,中信证券,2020/12/11,中信证券股份有限公司,金融理财,0,0,0,1,0,1,0,0,1,1,1,1,0,0,0,0,0,0,1
1313,智远一户通,2020/10/29,招商证券股份有限公司,金融理财,0,1,1,1,0,1,1,1,1,1,1,1,0,0,0,0,1,0,0
1314,国泰君安君弘,2020/12/3,国泰君安证券股份有限公司,金融理财,0,0,1,1,0,1,0,0,1,1,1,1,0,0,0,0,1,0,0
1315,i问财,2020/7/23,浙江核新同花顺网络信息股份有限公司,金融理财,0,0,1,1,0,1,0,0,1,1,1,1,0,0,0,0,1,0,0
1316,中国银河证券,2020/12/10,中国银河证券股份有限公司,金融理财,0,1,0,1,0,1,1,0,1,1,1,1,0,0,0,0,0,0,0
1317,小方,2020/12/10,方正证券股份有限公司,金融理财,0,0,1,1,0,1,0,0,1,1,1,1,0,0,0,0,1,0,1
1318,蜻蜓点金,2020/12/11,中信建投证券股份有限公司,金融理财,0,0,1,1,0,1,0,0,1,1,1,1,0,0,0,0,1,0,1
1319,顺丰金融,2020/1/6,深圳市顺恒融丰投资有限公司,金融理财,1,1,1,1,0,1,0,0,1,1,1,1,0,0,1,1,1,0,1
1320,长江e号,2020/12/11,长江证券股份有限公司,金融理财,0,1,0,1,0,1,1,0,1,1,1,1,0,0,0,0,1,0,0
1321,兴业证券优理宝,2020/11/13,兴业证券股份有限公司,金融理财,0,0,0,1,0,1,0,0,1,1,1,1,0,0,0,0,0,0,0
1322,app_name,releaseDate,developer,tabName,0,0,0,0,0,0,0,0,0,0,0,0,0,0,0,0,0,0,0
1323,美丽修行,2020/12/8,武汉美之修行信息科技有限公司,运动健康,0,0,1,1,0,1,0,0,1,1,1,1,0,0,0,0,1,0,1
1324,国寿AI健康,2020/12/2,江西博瑞彤芸科技有限公司,运动健康,1,0,1,1,0,1,0,0,1,1,1,1,0,0,0,0,1,1,1
1325,正气,2020/7/20,海南正气文化传播有限公司,运动健康,0,0,0,1,0,0,0,0,1,1,1,1,0,0,0,0,0,0,0
1326,艾灸养生,2020/9/16,深圳市灸大夫医疗科技有限公司,运动健康,1,0,1,1,0,1,0,0,1,1,1,1,0,0,0,0,1,0,1
1327,中药大全,2020/11/2,厦门沃鸿信息技术有限公司,运动健康,1,0,0,1,0,1,0,0,1,1,1,1,0,0,0,0,1,0,0
1328,往约,2020/11/10,上海往约网络科技有限公司,运动健康,1,0,1,1,0,1,0,0,1,1,1,1,0,0,0,0,1,0,1
1329,大姨妈神器,2020/12/8,南京派翰信息科技有限公司,运动健康,0,0,0,1,0,1,0,0,0,0,1,1,0,0,0,0,1,0,0
1330,听会儿中医,2020/12/2,吉林省格物致知网络科技有限公司,运动健康,1,0,1,1,0,1,0,0,1,1,1,1,0,0,0,0,1,0,0
1331,人体穴位图解,2020/10/29,陈立,运动健康,0,0,0,1,0,0,0,0,0,0,1,1,0,0,0,0,0,0,0
1332,艾益生,2020/11/11,上海百秘健康科技有限公司,运动健康,1,0,0,1,0,1,0,0,0,1,1,1,0,0,0,0,0,0,0
1333,养森,2020/12/3,贵州养森大健康产业有限公司,运动健康,0,0,1,1,0,1,0,0,1,1,1,1,0,0,0,0,1,0,1
1334,养生通,2020/12/11,北京鸿钜电子科技有限公司,运动健康,0,0,0,1,0,0,0,0,0,0,1,0,0,0,0,0,0,0,0
1335,鼾声护理,2020/11/16,杭州深蓝睡眠科技有限公司,运动健康,0,0,1,1,0,1,0,0,1,1,1,1,0,0,0,0,1,0,0
1336,简灸,2019/12/11,上海酷乐部信息技术有限公司,运动健康,0,0,0,1,0,1,0,0,1,1,1,1,0,0,0,0,0,0,0
1337,上门帮Pro,2020/12/2,上门帮电子商务（北京）有限公司,运动健康,1,1,1,1,0,1,0,1,0,1,1,1,0,0,0,0,1,0,1
1338,云梦,2020/4/8,深圳大动静科技有限公司,运动健康,0,0,0,1,0,0,0,0,0,0,1,1,0,0,0,0,0,0,0
1339,健康养生一点通,2018/8/1,FALSE,运动健康,0,0,0,0,0,0,0,0,0,1,0,0,0,0,0,0,0,0,0
1340,杏仁医生,2020/8/19,上海爱海斯信息技术有限公司,运动健康,1,0,1,1,0,1,1,1,1,1,1,1,0,0,0,1,1,0,1
1341,麦田男孩,2020/8/27,福州市麦田阳光文化传播有限公司,运动健康,0,0,0,1,0,0,0,0,0,0,1,1,0,0,0,0,0,0,0
1342,肌肤分析仪,2019/5/9,玫琳凯（中国）有限公司,运动健康,0,0,0,1,0,1,0,0,1,1,1,1,0,0,0,0,1,0,1
1343,经脉宝,2020/6/25,上海正太网络科技有限公司,运动健康,0,0,0,1,0,1,0,0,1,1,1,1,0,0,0,0,1,0,0
1344,蜜健康,2020/10/20,蜜拓蜜大健康管理有限公司,运动健康,0,0,1,1,0,1,0,0,1,1,1,1,0,0,0,0,1,0,1
1345,照药镜,2020/12/7,成都市食品药品检验研究院（成都市医疗器械及药品包装材料检验所、成都市药品检验所、成都市食品安全监测预警数据中心）,运动健康,0,0,0,1,0,0,0,0,1,1,1,1,0,0,0,0,0,0,1
1346,美丽一测,2020/6/3,深圳市唯美会科技有限公司,运动健康,0,0,1,1,0,1,0,0,1,1,1,1,0,0,0,0,0,0,1
1347,云足疗,2020/4/24,上门帮电子商务（北京）有限公司,运动健康,1,1,1,1,0,1,0,1,0,1,1,1,0,0,0,0,1,0,1
1348,灸小白,2020/10/22,百川（深圳）健康科技有限公司,运动健康,0,0,1,1,0,1,0,0,1,1,1,1,0,0,0,0,1,0,0
1349,往约到家,2020/11/6,重庆汇中堂健康管理有限公司,运动健康,1,0,0,1,0,1,0,0,1,1,1,1,0,0,1,1,1,0,1
1350,宜生健康,2020/12/2,北京宜生健康科技有限公司,运动健康,0,0,1,1,0,1,0,0,0,1,1,1,0,0,0,0,0,0,0
1351,常乐健康调理,2020/1/22,四川常乐投资管理有限公司,运动健康,1,0,1,1,0,1,0,0,1,0,1,1,0,0,0,0,1,0,1
1352,健保通,2018/8/16,FALSE,运动健康,1,0,1,1,0,1,0,0,1,1,1,1,0,0,1,1,1,0,1
1353,角色上门,2020/12/1,山西角色网络科技有限公司,运动健康,1,0,0,1,0,1,0,0,1,1,1,1,0,0,1,1,1,0,1
1354,健康到位,2020/9/17,聊城市万众云商网络科技有限公司,运动健康,0,0,1,1,0,1,0,0,1,1,1,1,0,0,0,0,1,0,1
1355,小猴经络时钟,2020/11/5,小猴易生中医科技（深圳）有限公司,运动健康,0,0,0,1,0,0,0,0,0,0,1,1,0,0,0,0,1,0,0
1356,你点到家,2020/12/11,北京桃源到家科技发展有限公司,运动健康,1,0,1,1,0,1,0,0,1,1,1,1,0,0,1,1,1,0,1
1357,中老年之家,2019/12/11,北京鹤源新业文化传播有限公司,运动健康,0,0,0,1,0,1,0,0,0,1,1,1,0,0,0,0,0,0,0
1358,经道养生,2020/6/19,大连景圣科技有限公司,运动健康,0,0,1,1,0,1,0,0,0,1,1,1,0,0,1,0,1,0,1
1359,好营养,2020/12/7,深圳品网科技有限公司,运动健康,0,0,0,1,0,1,0,0,0,0,1,1,0,0,0,0,0,0,0
1360,修行者,2018/7/20,FALSE,运动健康,0,0,0,0,0,1,0,0,1,1,0,0,0,0,0,0,1,0,0
1361,睡个好觉,2019/11/11,泉州紫罗兰贸易有限公司,运动健康,0,0,0,1,0,1,0,0,0,0,1,1,0,0,0,0,0,0,0
1362,中国中药谷,2020/11/16,中药谷(潍坊)集团有限公司,运动健康,1,1,0,1,0,1,1,1,1,1,1,1,0,0,1,1,1,0,1
1363,调养家,2020/9/16,广东致扬科技有限公司,运动健康,0,0,1,1,0,1,0,0,1,1,1,1,0,0,1,0,1,0,0
1364,怡美到家,2020/11/1,北京天启微创科技有限公司,运动健康,0,0,1,1,0,1,0,0,1,1,1,1,0,0,0,0,1,0,1
1365,WeDeep,2020/10/31,深圳市智心文化传播有限公司,运动健康,0,0,1,1,0,1,0,0,1,0,1,1,0,0,0,0,1,0,0
1366,国珍健康,2020/12/8,国珍健康科技（北京）有限公司,运动健康,1,1,1,1,0,1,0,1,1,1,1,1,0,0,1,0,1,0,1
1367,一点到家,2020/11/17,福易来(上海)网络科技有限公司,运动健康,1,0,0,1,0,1,0,0,1,1,1,1,0,0,1,1,1,0,1
1368,碧波庭,2020/9/14,碧波庭贸易（上海）有限公司,运动健康,0,0,1,1,0,1,0,0,0,1,1,1,0,0,0,0,1,0,0
1369,SMART-TIME PRO,2020/11/30,深圳市爱保护科技有限公司,运动健康,1,1,0,1,0,1,0,0,0,1,1,1,0,0,0,0,0,0,0
1370,往约管理版,2020/11/10,上海往约网络科技有限公司,运动健康,0,0,0,1,0,1,0,0,1,1,1,1,0,0,0,0,1,0,1
1371,好多啦,2020/11/1,臻坤生物科技（苏州）有限公司,运动健康,0,0,1,1,0,1,0,0,0,1,1,1,0,0,0,0,0,0,1
1372,生活的味道,2019/6/24,广州市晟毅阍次幕传媒有限公司,运动健康,0,0,0,1,0,0,0,0,1,1,1,1,0,0,0,0,1,0,0
1373,健康网-商城,2018/8/7,FALSE,运动健康,1,1,0,0,0,1,1,1,1,1,0,0,0,0,0,1,1,0,1
1374,茶密,2020/10/23,上海梅歌商贸有限公司,运动健康,1,0,1,1,0,1,0,0,1,1,1,1,0,0,0,0,1,0,0
1375,大姨妈经期助手,2019/3/5,FALSE,运动健康,0,0,0,1,0,0,0,0,0,0,1,1,0,0,0,0,0,0,0
1376,做菜吧,2020/2/27,杭州彩诗票务服务有限公司,运动健康,0,0,0,1,0,1,0,0,0,0,1,1,0,0,0,0,0,0,0
1377,肃医-患者端,2020/11/16,森梅医疗科技（重庆）有限公司,运动健康,1,0,0,1,0,1,0,0,1,1,1,1,0,0,0,0,1,0,0
1378,分享E疗,2020/6/24,上海微云医疗科技有限公司,运动健康,1,0,1,1,0,1,0,0,1,1,1,1,0,0,1,0,1,0,0
1379,旋磁理疗,2020/5/19,深圳智裳科技有限公司,运动健康,1,1,1,1,0,1,1,0,1,1,1,1,0,0,0,0,1,0,0
1380,C-Life睡眠,2020/11/10,深圳和而泰家居在线网络科技有限公司,运动健康,0,0,1,1,0,1,0,0,1,1,1,1,0,0,0,0,1,0,1
1381,白噪音睡眠放松,2020/11/18,长沙春觉信息科技有限公司,运动健康,0,0,0,1,0,0,0,0,1,1,1,1,0,0,0,0,1,0,0
1382,健康辽宁,2019/10/21,辽宁省疾病预防控制中心（辽宁省职业病防治院、辽宁预防医学研究所）,运动健康,0,0,0,1,0,1,1,0,0,1,1,1,0,0,0,0,0,0,1
1383,养生宝,2019/8/21,北京快娱互动科技有限公司,运动健康,0,0,0,1,0,0,0,0,0,0,0,1,0,0,0,0,0,0,0
1384,老年人合理用药,2019/9/12,上海触讯信息科技有限公司,运动健康,0,0,0,1,0,0,0,0,1,1,1,0,0,0,0,0,0,0,0
1385,太医保,2019/11/26,上海普康健康管理咨询有限公司,运动健康,0,0,1,1,0,1,1,0,0,1,1,1,0,0,0,0,0,0,1
1386,医典通,2019/5/10,FALSE,运动健康,0,0,0,1,0,1,0,0,1,1,1,0,0,0,0,0,1,0,0
1387,艾灸工具箱,2020/11/8,湖北五个叶子蕲艾有限公司,运动健康,0,0,0,0,0,0,0,0,0,0,0,0,0,0,0,0,1,0,0
1388,快乐养身约,2019/10/8,莆田开心神州信息科技有限公司,运动健康,1,0,1,1,0,1,0,0,1,1,1,1,0,0,1,1,0,0,1
1389,红河掌上医保,2019/9/11,中国人民健康保险股份有限公司,运动健康,1,0,1,1,0,1,0,0,1,1,1,1,0,0,1,1,1,0,0
1390,荟医随访,2020/8/27,上海荟医信息科技有限公司,运动健康,0,1,1,1,0,1,1,0,1,1,1,1,0,0,0,0,1,0,0
1391,修心,2020/12/2,茂名泰威华网络科技有限公司,运动健康,0,0,0,1,0,0,0,0,0,1,1,1,0,0,0,0,0,0,0
1456,住小帮,2020/12/1,北京微字节网络科技有限公司,便捷生活,0,0,0,1,0,1,0,0,1,1,1,1,0,0,0,0,1,0,1
1457,土巴兔装修,2020/12/8,深圳市彬讯科技有限公司,便捷生活,0,0,1,1,0,1,0,0,1,1,1,1,0,0,1,0,1,0,1
1458,齐家,2020/12/11,上海齐家网信息科技股份有限公司,便捷生活,0,0,1,1,0,1,0,0,1,1,1,0,0,0,0,0,1,0,1
1459,齐家装修,2020/7/22,上海齐家网信息科技股份有限公司,便捷生活,0,0,1,1,0,1,0,0,1,1,1,1,0,0,0,0,1,0,1
1460,三维家设计师,2020/12/10,广东三维家信息科技有限公司,便捷生活,0,0,0,1,0,1,0,0,1,1,1,1,0,0,0,0,0,0,1
1461,好好住,2020/12/1,家宅一生（北京）科技有限公司,便捷生活,0,0,1,1,0,1,0,0,1,1,1,1,0,0,0,0,1,0,1
1462,东易日盛,2020/12/9,东易日盛家居装饰集团股份有限公司,便捷生活,1,0,1,1,0,1,0,0,1,1,1,1,0,0,0,1,0,0,1
1463,爱空间装修,2020/11/25,爱空间科技（北京）有限公司,便捷生活,0,0,1,1,0,1,0,0,1,1,1,1,0,0,1,0,1,0,1
1464,尺子测量测距仪,2020/11/5,成都田田科技有限公司,便捷生活,0,0,0,1,0,1,0,0,1,1,1,1,0,0,0,0,0,0,0
1465,酷家乐设计师,2020/12/3,杭州群核信息技术有限公司,便捷生活,0,0,1,1,0,1,0,0,1,1,1,1,0,0,0,0,1,0,0
1466,阿里智能,2020/11/28,淘宝（中国）软件有限公司,便捷生活,0,0,1,1,0,1,0,0,1,1,1,1,0,0,1,0,1,0,1
1467,中燃慧生活,2020/12/10,中燃慧生活电子商务有限公司,便捷生活,1,0,0,1,0,1,0,0,1,1,1,1,0,0,0,1,1,0,0
1468,小嘀管家,2020/12/9,德施曼机电(中国)有限公司,便捷生活,1,0,1,1,0,1,0,0,1,1,1,1,0,0,0,1,1,0,1
1469,门禁卡,2020/8/25,北京果心科技有限公司,便捷生活,0,1,1,1,0,1,1,0,0,1,1,1,0,0,1,0,1,0,0
1470,易微联,2020/11/12,深圳酷宅科技有限公司,便捷生活,0,0,1,1,0,1,0,0,1,1,1,0,0,0,0,0,1,0,0
1471,知户型,2020/12/11,厦门知本家科技有限公司,便捷生活,0,0,1,1,0,1,0,0,1,1,1,1,0,0,0,0,1,0,0
1472,大拿,2020/7/14,深圳市大拿科技有限公司,便捷生活,0,0,1,1,0,1,0,0,1,1,1,1,0,0,0,0,1,0,0
1473,一兜糖家居,2020/12/11,广州壹糖网络科技有限公司,便捷生活,0,0,0,1,0,1,0,0,1,1,1,1,0,0,0,0,0,0,0
1474,联掌门户,2020/12/7,联掌门户网络科技有限公司,便捷生活,1,1,1,1,0,1,0,0,1,1,1,1,0,0,1,1,1,0,1
1475,通通锁,2020/12/2,杭州赛脑智能控制技术有限公司,便捷生活,1,0,1,1,0,1,0,0,0,0,1,1,0,0,0,0,1,0,0
1476,装修图库,2020/11/10,深圳市彬讯科技有限公司,便捷生活,0,0,1,1,0,1,0,0,0,1,1,1,0,0,0,0,0,0,1
1477,嘉宝生活家,2020/11/30,四川蓝光嘉宝服务集团股份有限公司,便捷生活,1,0,1,1,0,1,0,0,1,1,1,1,0,0,1,0,1,0,1
1478,Roborock,2020/11/23,北京石头世纪科技股份有限公司,便捷生活,0,0,0,0,0,1,0,0,1,0,0,0,0,0,0,0,0,0,0
1479,智家365,2020/12/9,智家叁陆伍（深圳）物联网有限公司,便捷生活,1,0,1,1,0,1,0,0,1,1,1,0,0,0,1,1,1,0,0
1480,齐家装修效果图库,2020/12/7,上海齐家网信息科技股份有限公司,便捷生活,0,0,0,1,0,1,0,0,1,1,1,1,0,0,0,0,1,0,1
1481,优智云家,2019/11/16,广州几维信息科技有限公司,便捷生活,1,0,1,1,0,1,0,0,1,1,1,1,0,0,0,0,0,0,0
1482,红星美凯龙,2020/11/16,上海红星美凯龙网络技术有限公司,便捷生活,0,0,1,1,0,1,0,0,1,1,1,1,0,0,0,0,1,0,1
1483,云智能,2020/11/28,杭州短趣网络传媒技术有限公司,便捷生活,0,0,1,1,0,1,0,0,1,1,1,0,0,0,0,0,1,0,0
1484,正事多,2020/11/20,郑州绿色三谷环保科技有限公司,便捷生活,1,0,1,1,0,1,0,1,1,1,1,1,0,0,1,0,1,0,0
1485,Dyson Link,2020/11/30,戴森科技发展（上海）有限公司,便捷生活,0,0,0,1,0,1,0,0,0,0,1,1,0,0,0,0,0,0,0
1486,设计本装修,2020/11/20,深圳市彬讯科技有限公司,便捷生活,0,0,1,1,0,1,0,0,0,1,1,1,0,0,0,0,1,0,1
1487,室内设计,2020/11/4,上海青灯软件科技中心,便捷生活,0,0,1,1,0,0,0,0,0,1,1,1,0,0,0,0,0,0,0
1488,金螳螂家,2020/12/7,金螳螂家装电子商务（苏州）有限公司,便捷生活,0,0,1,1,0,1,0,0,1,1,1,1,0,0,0,0,1,0,1
1489,金制空气,2020/11/30,大金（中国）投资有限公司上海分公司,便捷生活,0,0,0,1,0,1,0,0,0,1,1,1,0,0,0,0,0,0,1
1490,设计头条,2020/11/6,南京设易网络科技有限公司,便捷生活,0,0,1,1,0,1,0,0,1,1,1,1,0,0,1,0,1,0,1
1491,乐开,2020/11/3,北京智辉空间科技有限责任公司,便捷生活,1,0,0,1,0,1,0,0,0,1,1,1,0,0,0,0,0,0,1
1492,匠多多,2019/11/7,郑州灯师傅照明工程有限公司,便捷生活,1,0,0,1,0,1,0,1,1,1,1,1,0,0,1,0,1,0,1
1493,万家乐ONE+,2020/10/29,广东万家乐燃气具有限公司,便捷生活,0,1,1,1,0,1,1,0,1,1,1,1,0,0,0,0,1,0,0
1494,窝牛装修,2020/11/11,上海灵朵信息科技有限公司,便捷生活,0,0,0,1,0,0,0,0,0,1,1,0,0,0,0,0,0,0,1
1495,左右手易接单,2020/12/8,深圳市左右手家居网络科技有限公司,便捷生活,1,0,1,1,0,1,0,0,1,1,1,1,0,0,1,0,1,0,1
1496,叮叮易建,2020/9/13,深圳叮叮易建网络科技有限公司,便捷生活,1,0,1,1,0,1,0,0,1,1,1,1,0,0,0,0,1,0,1
1497,慧享家,2020/10/24,广州慧享佳物联科技有限公司,便捷生活,1,0,1,1,0,1,0,0,1,1,1,1,0,0,0,0,1,0,1
1498,酷家乐装修,2020/3/18,杭州群核信息技术有限公司,便捷生活,0,0,1,1,0,1,0,0,1,1,1,1,0,0,0,0,1,0,0
1499,百安居,2020/9/12,百安居（中国）投资有限公司,便捷生活,0,0,1,1,0,1,0,0,1,1,1,1,0,0,1,0,1,0,1
1500,奇兵到家,2020/11/30,广西阿泰信息科技有限公司,便捷生活,0,0,0,1,0,0,0,0,0,1,1,1,0,0,0,0,0,0,1
1501,齐装装修,2020/10/19,苏州云网通信息科技有限公司,便捷生活,1,0,1,1,0,1,0,0,0,1,1,1,0,0,0,0,1,0,1
1502,淘安装,2020/10/21,上海佟大实业有限公司,便捷生活,0,0,1,1,0,1,0,0,1,1,1,1,0,0,0,0,1,0,1
1503,设计灵感,2020/6/15,FALSE,便捷生活,0,0,1,1,0,1,0,0,1,1,1,1,0,0,0,0,1,0,0
1504,装修设计,2020/10/19,网家科技有限责任公司,便捷生活,0,0,0,1,0,1,0,0,0,1,1,1,0,0,0,0,0,0,0
1505,Aqara Home,2020/12/2,深圳绿米联创科技有限公司,便捷生活,1,0,1,1,0,1,0,0,1,1,1,1,0,0,1,0,1,0,0
1506,三星智能家居,2020/3/8,三星（中国）投资有限公司,便捷生活,1,0,0,1,0,1,0,0,0,1,1,1,0,0,1,0,0,0,1
1507,小胖熊,2020/10/30,上海米居网络科技有限公司,便捷生活,1,0,1,1,0,1,1,0,1,1,1,1,0,0,1,1,1,0,1
1508,爱福窝装修,2020/4/18,上海爱福窝云技术有限公司,便捷生活,0,0,1,1,0,1,0,0,1,1,1,1,0,0,1,0,0,0,1
1509,家炫,2020/12/5,太炫科技（南京）有限公司,便捷生活,0,0,1,1,0,0,0,0,0,1,1,0,0,0,0,0,0,0,0
1510,360扫地机,2020/11/30,北京视觉世界科技有限公司,便捷生活,1,0,0,1,0,1,0,0,0,1,1,1,0,0,0,0,1,0,0
1511,嘿芝麻社区,2020/12/9,深圳市卓利普科技有限公司,便捷生活,0,0,1,1,0,1,0,0,1,1,1,1,0,0,0,0,1,0,1
1512,万能小哥师傅端,2020/7/31,北京万能小哥信息技术有限公司,便捷生活,0,0,1,1,0,1,1,0,1,1,1,1,0,0,0,0,1,0,1
1513,造作新家,2020/11/9,北京造化科技有限公司,便捷生活,0,0,1,1,0,0,0,0,1,1,1,1,0,0,1,0,1,0,1
1514,牛师傅接单,2020/12/11,杭州牛师父信息科技有限公司,便捷生活,1,0,1,1,0,1,0,0,1,1,1,1,0,0,1,0,1,0,1
1515,躺平设计家,2020/9/8,躺平设计家（上海）科技有限公司,便捷生活,0,0,1,1,0,1,0,0,1,1,1,1,0,0,0,0,1,0,1
1516,居然管家,2020/9/11,北京居然无忧科技有限公司,便捷生活,0,0,0,1,0,1,0,0,0,1,1,1,0,0,0,0,1,0,1
1517,星享租,2020/9/23,枝星科技发展（上海）有限公司,便捷生活,1,0,1,1,0,1,0,0,1,1,1,1,0,0,0,0,1,0,0
1518,海尔好空气,2019/6/18,重庆海尔家电销售有限公司,便捷生活,1,0,1,1,0,1,0,1,1,1,1,1,0,0,1,0,1,0,1
1519,舒适管家pro,2019/1/15,成都舒适猫品牌运营有限公司,便捷生活,0,0,0,1,0,1,0,0,1,1,1,1,0,0,1,0,0,0,0
1520,装修软件,2020/8/14,上海追书信息技术中心,便捷生活,0,0,0,1,0,0,0,0,0,0,1,1,0,0,0,0,0,0,0
1521,装修图库,2020/10/19,网家科技有限责任公司,便捷生活,0,1,0,1,0,1,0,0,0,1,1,1,0,0,0,0,0,0,0
1522,小美智能,2020/11/28,深圳市天美意科技有限公司,便捷生活,0,0,1,1,0,1,0,0,0,1,1,1,0,0,0,0,1,0,0
1523,智能家居,2020/6/12,上海紫光乐联物联网科技有限公司,便捷生活,1,0,1,1,0,1,0,0,1,1,1,1,0,0,1,1,1,0,1
1524,房产计算器,2019/9/2,深圳仲友科技有限公司,便捷生活,1,0,1,1,0,1,0,0,1,1,1,1,0,0,0,0,1,0,1
1525,好师傅,2020/5/6,深圳市中企工联保家电服务有限公司,便捷生活,0,0,1,1,0,1,0,0,0,1,1,1,0,0,1,0,1,0,1
1526,小二分室温控,2020/1/6,北京卓翔科技有限公司,便捷生活,0,0,0,1,0,0,1,0,0,1,1,1,0,0,1,0,0,0,0
1527,装修接单宝,2020/11/16,宁夏国邦恒通信息产业有限公司,便捷生活,1,0,1,1,0,1,0,0,1,1,1,1,0,0,1,1,1,0,1
1528,张飞出行,2020/11/18,北京电小二网络科技有限公司,便捷生活,1,1,1,1,0,1,0,0,0,1,1,1,0,0,1,0,1,0,1
1529,好太太智联,2020/11/18,广东好太太科技集团股份有限公司,便捷生活,1,0,1,1,0,1,0,0,1,1,1,1,0,0,1,0,1,0,1
1530,晶御智能,2020/12/7,博西华家用电器服务江苏有限公司,便捷生活,0,0,0,1,0,0,0,0,0,1,1,1,0,0,0,0,0,0,0
1531,被窝家装,2020/12/3,天津小屋信息科技有限公司,便捷生活,0,0,1,1,0,1,0,0,1,1,1,1,0,0,0,0,1,0,1
1532,王力智能,2020/10/22,王力安防产品有限公司杭州分公司,便捷生活,0,0,1,1,0,1,0,0,1,1,1,1,0,0,0,0,1,0,0
1533,大鱼装修,2020/10/27,宁夏国邦恒通信息产业有限公司,便捷生活,0,0,1,1,0,1,0,0,0,1,1,1,0,0,0,0,1,0,0
1534,石材宝,2020/11/18,泉州兴邦信息传播有限公司,便捷生活,1,0,1,1,0,1,0,0,1,1,1,1,0,0,1,0,1,0,1
1535,最美装修,2020/11/26,上海齐家网信息科技股份有限公司,便捷生活,0,0,1,1,0,1,0,0,0,1,0,1,0,0,0,0,1,0,1
1536,量房宝,2020/4/3,上海爱福窝云技术有限公司,便捷生活,0,0,1,1,0,1,0,0,1,1,1,1,0,0,1,0,0,0,1
1537,精装水电工,2020/3/11,温州岳翔信息科技有限公司,便捷生活,0,0,0,1,0,1,0,0,0,1,1,1,0,0,0,0,0,0,1
1538,智能配色,2020/11/27,广东顺德拓涂装饰科技有限公司,便捷生活,0,0,0,1,0,1,0,0,0,1,1,1,0,0,1,0,1,0,0
1539,艾佳生活,2020/11/25,江苏艾佳家居用品有限公司,便捷生活,1,1,1,1,0,1,1,0,1,1,1,1,0,0,1,1,1,0,1
1540,安居小宝,2020/10/10,季雪飞,便捷生活,0,0,1,1,0,0,0,0,1,1,1,1,0,0,0,0,0,0,0
1541,豆芽软装,2020/4/16,陕西网来网去网络科技有限公司,便捷生活,1,0,0,1,0,1,0,1,1,1,1,1,0,0,0,1,1,0,1
1542,富巨家,2020/11/25,贵州富巨炉具有限责任公司,便捷生活,0,0,0,1,0,1,0,0,0,1,1,1,0,0,0,0,0,0,1
1543,小益智能,2020/7/9,深圳指芯智能科技有限公司,便捷生活,0,0,1,1,0,1,0,0,0,1,1,1,0,0,0,0,1,0,0
1544,璇瑞,2020/3/2,武汉璇瑞智佳装饰装修设计工程有限公司,便捷生活,0,0,1,1,0,1,0,0,1,1,1,1,0,0,0,0,1,0,0
1545,修达达,2019/9/17,武汉市尚蓝科技有限公司,便捷生活,1,0,1,1,0,1,0,0,1,1,1,1,0,0,1,0,1,0,1
1547,途虎养车,2020/12/8,上海阑途信息技术有限公司,汽车,0,0,1,1,0,1,0,0,1,1,1,1,0,0,0,0,0,0,0
1548,车亨加油,2020/12/4,杭州夏青贸易有限公司,汽车,0,1,1,1,0,1,0,0,1,1,1,1,0,0,0,0,1,0,1
1549,大象车福利,2020/11/25,广州大象之星网络科技有限公司,汽车,0,0,0,1,0,1,0,0,0,1,1,1,0,0,0,0,0,0,0
1550,交管12123,2020/11/17,公安部交通管理科学研究所,汽车,0,0,0,1,0,1,0,0,0,1,1,1,0,0,0,0,1,0,0
1551,平安好车主,2020/12/5,中国平安财产保险股份有限公司,汽车,0,0,1,1,0,1,0,0,1,1,1,1,0,0,0,0,0,0,1
1552,能链团油,2020/12/11,车主邦（北京）科技有限公司,汽车,1,0,1,1,0,1,0,0,1,1,1,1,0,0,0,1,1,0,1
1553,滴滴代驾司机,2020/7/8,北京小桔科技有限公司,汽车,1,0,1,1,0,1,0,0,1,1,1,1,0,0,0,0,0,0,1
1554,汽修宝,2020/11/10,广州南馨网络科技有限公司,汽车,1,1,1,1,0,1,1,1,1,1,1,1,0,0,1,0,1,0,1
1555,阳光车生活,2020/11/29,阳光财产保险股份有限公司,汽车,1,1,1,1,0,1,1,1,1,1,1,1,0,0,1,1,1,1,1
1556,全国交通违章查询,2020/12/7,南京慕斯喵网络科技有限公司,汽车,0,0,0,1,0,1,0,0,0,1,1,1,0,0,0,0,0,0,0
1557,My BMW,2020/12/9,宝马（中国）服务有限公司,汽车,0,0,1,1,0,1,0,0,1,1,1,1,0,0,0,0,1,0,0
1558,ETC车宝,2020/11/13,广东联邦车网科技股份有限公司,汽车,1,0,1,1,0,1,0,0,1,1,1,1,0,0,0,0,1,0,1
1559,小熊油耗,2020/12/2,北京么么互联信息技术有限公司,汽车,0,0,1,1,0,1,0,0,0,1,1,1,0,0,0,0,0,0,0
1560,丰云行,2020/11/26,广汽丰田汽车有限公司,汽车,1,0,1,1,0,1,0,0,1,1,0,1,0,0,1,0,1,0,1
1561,平安车管家,2020/12/4,平安车管家汽车租赁有限公司,汽车,1,1,1,1,0,1,0,0,1,1,1,1,0,0,0,0,0,1,0
1562,平安好车主极速版,2020/11/27,中国平安财产保险股份有限公司,汽车,0,0,1,1,0,1,0,0,0,1,1,1,0,0,0,0,1,0,0
1563,二手车之家,2020/12/11,北京车之家信息技术有限公司,汽车,0,0,1,1,0,1,0,0,1,1,1,1,0,0,0,0,1,0,1
1564,车主惠,2020/12/11,爱保科技（北京）有限公司,汽车,0,0,1,1,0,1,0,0,0,1,1,1,0,0,0,0,1,0,1
1565,壳牌,2020/9/24,壳牌（中国）有限公司,汽车,0,0,1,1,0,1,0,0,0,1,1,1,0,0,0,0,1,0,0
1566,星星充电,2020/11/10,江苏万帮充电设备有限公司,汽车,1,0,1,1,0,1,0,0,1,1,1,1,0,0,1,0,1,0,1
1567,小牛电动,2020/11/16,北京牛电科技有限责任公司,汽车,0,0,0,1,0,1,0,0,1,1,1,1,0,0,0,0,1,0,1
1568,一汽丰田,2020/11/24,一汽丰田汽车销售有限公司,汽车,0,0,1,1,0,1,0,0,0,1,1,1,0,0,1,0,1,0,1
1569,警视通,2020/10/29,吉林省亿聚网络科技有限公司,汽车,1,1,0,1,0,1,1,1,1,1,1,1,0,0,1,1,1,0,1
1570,斑马智行,2020/11/6,斑马网络技术有限公司,汽车,1,0,1,1,0,1,0,0,1,1,1,1,0,0,1,0,1,0,1
1571,小鹏汽车,2020/12/5,广州小鹏汽车科技有限公司,汽车,0,0,1,1,0,1,0,0,1,1,1,1,0,0,0,0,1,0,0
1572,凯励程,2020/12/3,成都路行通信息技术有限公司,汽车,0,0,1,1,0,1,0,0,1,1,1,1,0,0,0,0,1,0,0
1573,红旗智联,2020/12/3,中国第一汽车股份有限公司,汽车,0,0,1,1,0,1,0,0,1,1,1,1,0,0,0,0,1,0,1
1574,有车云,2020/12/9,重庆有车云电子商务有限公司,汽车,0,0,1,1,0,1,0,0,0,1,1,1,0,0,0,0,1,0,1
1575,天猫养车,2020/12/5,杭州喵修科技有限公司,汽车,0,0,0,1,0,1,0,0,0,1,1,1,0,0,0,0,1,0,1
1576,天天拍车,2020/12/8,上海谨务汽车技术咨询有限公司,汽车,0,0,1,1,0,1,0,0,0,1,1,1,0,0,0,0,0,0,1
1577,橙牛汽车管家,2020/10/29,杭州达则科技有限公司,汽车,0,0,1,1,0,1,0,0,0,1,1,0,0,0,0,0,1,0,1
1578,梅赛德斯-奔驰应用程序,2020/11/13,梅赛德斯－奔驰（中国）汽车销售有限公司,汽车,0,0,0,1,0,1,0,0,0,1,1,1,0,0,0,0,0,0,1
1579,车点点,2020/12/3,杭州网兰科技有限公司,汽车,0,1,1,1,0,1,1,0,1,1,1,1,0,0,0,0,1,0,0
1580,My Audi,2020/11/6,一汽-大众汽车有限公司,汽车,0,0,1,1,0,1,0,0,1,1,1,1,0,0,1,0,1,0,1
1581,福田e家,2020/11/17,北汽福田汽车股份有限公司北京汽车销售分公司,汽车,0,0,1,1,0,1,0,1,1,1,1,1,0,0,1,0,1,0,1
1582,MyChevy,2020/11/23,上汽通用汽车有限公司,汽车,1,0,1,1,0,1,0,0,1,1,1,1,0,0,0,1,1,0,1
1583,F6智慧门店,2020/11/13,南京爱福路汽车科技有限公司,汽车,0,0,1,1,0,1,0,0,1,1,1,1,0,0,0,0,1,0,0
1584,货车之家,2019/7/23,北京五八信息技术有限公司,汽车,0,0,0,1,0,1,0,0,0,1,0,1,0,0,1,0,0,0,1
1585,车享家,2020/9/21,上海赛可电子商务有限公司,汽车,0,0,1,1,0,1,0,0,0,1,1,1,0,0,0,0,1,0,1
1586,乐车邦,2020/12/7,上海享途网络科技有限公司,汽车,1,0,1,1,0,1,0,0,1,1,1,1,0,0,0,1,1,0,1
1587,车速拍,2020/11/12,车好多旧机动车经纪（北京）有限公司,汽车,0,0,1,1,0,1,0,0,1,1,1,1,0,0,1,0,1,0,1
1588,万马爱充,2020/10/21,浙江爱充网络科技有限公司,汽车,0,0,0,1,0,1,0,0,1,1,1,1,0,0,0,0,1,0,1
1589,高德车差事,2019/3/15,高德信息技术有限公司,汽车,0,0,1,1,0,1,1,0,1,1,1,1,0,0,0,0,1,0,0
1590,新宝骏,2020/12/4,上汽通用五菱汽车股份有限公司,汽车,1,1,1,1,0,1,1,1,1,1,1,1,0,0,1,1,1,0,1
1591,二手货车,2019/3/2,厦门中营科技有限公司,汽车,0,0,0,1,0,1,0,0,1,1,1,1,0,0,1,0,1,0,1
1592,淘油集,2020/11/28,成都众银信息技术有限公司,汽车,1,0,0,1,0,1,0,0,1,1,1,1,0,0,1,1,1,0,1
1593,好车主互助,2020/10/15,北京爱车家网络科技有限公司,汽车,1,0,1,1,0,1,0,0,0,1,1,1,0,0,1,1,1,0,1
1594,车有料,2020/12/1,广东修炼科技股份有限公司,汽车,1,0,0,1,0,1,0,0,1,1,1,1,0,0,0,0,1,0,1
1595,优易充,2020/11/19,北京华商三优新能源科技有限公司,汽车,0,0,0,1,0,1,0,0,0,1,1,1,0,0,0,0,1,0,1
1596,优信拍,2020/12/4,北京五八拍拍信息技术有限公司,汽车,1,1,1,1,0,1,1,0,1,1,1,1,0,0,0,0,0,0,0
1597,途虎商户,2020/11/18,上海阑途信息技术有限公司,汽车,1,0,1,1,0,1,0,0,1,1,1,1,0,0,1,1,1,0,1
1598,一点油,2020/11/7,一点油科技（北京）有限公司,汽车,1,0,0,1,0,1,0,0,1,1,1,1,0,0,1,1,1,0,1
1599,油惠通,2020/8/7,北京尚博信科技有限公司,汽车,1,0,1,1,0,1,0,0,1,1,1,1,0,0,1,1,1,0,1
1600,优胜汽修大师,2020/11/27,广州优胜汽车科技有限公司,汽车,0,0,1,1,0,1,0,0,0,1,1,1,0,0,0,0,1,0,0
1601,汇养车,2020/5/8,广汇汽车服务有限责任公司堆龙分公司,汽车,0,0,1,1,0,1,0,0,0,1,1,1,0,0,0,0,1,0,1
1602,有车云用户端,2020/11/18,重庆有车云电子商务有限公司,汽车,0,0,1,1,0,1,0,0,0,1,1,1,0,0,0,0,1,0,0
