developer,读取联系人,读取短信/彩信,显示在其他应用上面,修改或删除存储卡中的内容,访问确切位置信息（使用GPS和网络进行定位）,访问大致位置信息（使用网络进行定位）,接收短信,发送短信,录制音频,相机,读取存储卡中的内容,读取通话状态和移动网络信息,接收WAP信息,读取小区广播消息,查找设备上的帐号,新建/修改/删除联系人,修改系统设置,新建/修改/删除通话记录,拨打电话
AJNS New Media GmbH,0,0,0,1,0,0,0,0,0,0,1,0,0,0,0,0,0,0,0
Agoda Company PTE. LTD.,0,0,1,1,0,1,0,0,0,1,1,1,0,0,0,0,1,0,0
FALSE,7,2,14,25,0,24,3,1,13,20,23,23,0,0,8,4,22,0,14
General Magic B.V.,1,0,0,1,0,1,0,0,0,1,1,1,0,0,0,1,0,0,0
Lightricks Ltd.,0,0,0,1,0,0,0,0,0,0,1,1,0,0,0,0,0,0,0
Tony,0,0,0,1,0,1,0,0,1,1,1,1,0,0,0,0,0,0,0
developer,0,0,0,0,0,0,0,0,0,0,0,0,0,0,0,0,0,0,0
《中国学术期刊（光盘版）》电子杂志社有限公司,0,0,1,1,0,0,0,0,0,1,1,0,0,0,0,0,0,0,0
一九零五（北京）网络科技有限公司,0,0,1,1,0,1,0,0,1,1,1,1,0,0,0,0,0,0,0
一古（厦门）科技有限公司,0,0,0,1,0,0,0,0,0,0,1,1,0,0,0,0,1,0,0
一汽-大众汽车有限公司,0,0,1,1,0,1,0,0,1,1,1,1,0,0,1,0,1,0,1
一汽丰田汽车销售有限公司,0,0,1,1,0,1,0,0,0,1,1,1,0,0,1,0,1,0,1
一点油科技（北京）有限公司,1,0,0,1,0,1,0,0,1,1,1,1,0,0,1,1,1,0,1
万联证券股份有限公司,0,0,0,1,0,1,0,0,1,1,1,1,0,0,0,0,0,0,1
三星新罗商务服务（北京）有限公司,0,0,0,1,0,1,0,0,0,1,1,0,0,0,0,0,0,0,0
三星（中国）投资有限公司,1,0,0,1,0,1,0,0,0,1,1,1,0,0,1,0,0,0,1
上汽大众汽车有限公司,0,0,1,1,0,1,0,0,0,0,1,1,0,0,0,1,1,0,0
上汽通用五菱汽车股份有限公司,1,1,1,1,0,1,1,1,1,1,1,1,0,0,1,1,1,0,1
上汽通用汽车有限公司,1,0,1,1,0,1,0,0,1,1,1,1,0,0,0,1,1,0,1
上海七猫文化传媒有限公司,0,0,0,1,0,0,0,0,0,1,1,1,0,0,0,0,1,0,0
上海业霆网络科技有限公司,0,0,1,1,0,1,0,0,1,1,1,1,0,0,0,0,1,0,0
上海东方龙新媒体有限公司,0,0,0,1,0,1,0,0,0,1,1,1,0,0,0,0,1,0,0
上海中彦信息科技股份有限公司,1,0,1,1,0,1,0,0,1,1,1,1,0,0,0,0,1,0,0
上海二三四五网络科技有限公司,0,0,0,1,0,1,0,0,1,1,1,1,0,0,0,0,1,0,0
上海亚朵商业管理（集团）股份有限公司,1,0,1,1,0,1,0,0,1,1,1,1,0,0,1,0,1,0,1
上海享互网络科技有限公司,0,0,1,1,0,1,0,0,1,1,1,1,0,0,0,0,1,0,0
上海享途网络科技有限公司,1,0,1,1,0,1,0,0,1,1,1,1,0,0,0,1,1,0,1
上海众旦信息科技有限公司,0,0,1,1,0,1,0,0,1,1,1,1,0,0,0,0,1,0,0
上海众源网络有限公司,1,0,1,1,0,1,0,0,1,1,1,1,0,0,1,0,1,0,0
上海优恒酒店管理有限公司,0,0,1,1,0,1,0,0,1,1,1,1,0,0,1,0,1,0,1
上海佟大实业有限公司,0,0,1,1,0,1,0,0,1,1,1,1,0,0,0,0,1,0,1
上海佰集信息科技有限公司,1,0,0,1,0,1,0,1,0,1,1,1,0,0,0,0,1,0,0
上海倍效网络科技有限公司,0,0,0,1,0,1,0,0,0,1,1,1,0,0,0,0,0,0,0
上海元聚网络科技有限公司,2,2,2,2,0,2,0,2,0,2,2,2,0,0,1,0,0,0,0
上海凌游网络科技有限公司,0,0,1,1,0,1,0,0,0,1,1,1,0,0,0,0,1,0,0
上海分互链信息技术有限公司,1,0,1,1,0,1,0,1,0,1,1,1,0,0,0,0,1,0,1
上海卓赞教育科技有限公司,1,0,0,1,0,1,0,0,1,1,1,1,0,0,0,1,1,0,1
上海厚一信息科技有限公司,0,0,0,1,0,0,0,0,0,0,1,1,0,0,0,0,0,0,0
上海原来信息科技有限公司,0,0,0,1,0,1,0,0,1,1,1,1,0,0,0,0,1,0,0
上海古晨信息科技有限公司,0,0,1,1,0,0,0,0,0,1,1,1,0,0,0,0,1,0,0
上海呔咯网络科技有限公司,0,0,1,1,0,1,0,0,1,1,1,1,0,0,0,0,1,0,0
上海啸览技术开发中心,0,0,0,1,0,0,0,0,1,1,1,1,0,0,0,0,0,0,0
上海喜狐文化传播有限公司,0,0,1,1,0,1,0,0,0,0,1,1,0,0,0,0,0,0,0
上海嘉定公共交通有限公司,0,1,1,1,0,1,1,1,0,1,1,1,0,0,1,0,1,0,1
上海外教社信息技术有限公司,0,0,0,1,0,1,0,0,1,1,1,1,0,0,0,0,0,0,0
上海大智慧信息科技有限公司,1,0,1,1,0,1,0,0,1,1,1,1,0,0,0,0,1,0,0
上海大犀角信息科技有限公司,1,0,2,2,0,2,0,0,0,2,2,2,0,0,0,0,0,0,0
上海天坊信息科技有限公司,0,0,1,1,0,1,0,0,0,1,1,1,0,0,0,0,1,0,1
上海姜根酒店管理有限公司,0,0,0,0,0,1,0,0,0,1,0,0,0,0,0,0,0,0,0
上海娱公竞宇网络有限公司,0,0,1,1,0,1,0,0,1,1,1,1,0,0,0,0,1,0,0
上海安吉星信息服务有限公司,1,0,1,1,0,1,0,0,1,1,1,1,0,0,0,0,1,0,1
上海宝云网络科技有限公司,0,0,1,1,0,1,0,0,1,1,1,1,0,0,0,0,1,0,0
上海宽娱数码科技有限公司,0,0,1,1,0,1,0,0,1,1,1,1,0,0,0,0,1,0,0
上海寻梦信息技术有限公司,0,0,1,1,0,1,0,0,0,0,1,1,0,0,1,0,0,0,0
上海小友电器有限公司,0,0,1,1,0,1,0,0,1,1,1,1,0,0,1,0,1,0,1
上海小寻科技有限公司,1,1,1,1,0,1,1,1,1,1,1,1,0,0,1,1,0,0,1
上海尚旅网络科技有限公司,0,0,1,1,0,1,0,0,1,1,1,1,0,0,0,0,1,0,1
上海巨潮信息技术有限公司,1,0,1,1,0,1,0,1,1,1,1,1,0,0,0,1,1,0,1
上海异构网络科技有限公司,0,0,2,2,0,0,0,0,2,2,2,2,0,0,1,0,2,0,0
上海弥初柔网络科技有限公司,0,0,1,2,0,2,0,0,0,2,2,2,0,0,0,0,1,0,0
上海往约网络科技有限公司,1,0,1,2,0,2,0,0,2,2,2,2,0,0,0,0,2,0,2
上海微云医疗科技有限公司,1,0,1,1,0,1,0,0,1,1,1,1,0,0,1,0,1,0,0
上海微栈网络科技有限公司,0,0,0,1,0,1,0,0,0,1,1,1,0,0,0,0,0,0,0
上海微食信息科技有限公司,0,0,1,1,0,1,0,0,0,1,1,1,0,0,0,0,1,0,0
上海恭胜酒店管理有限公司,1,0,0,1,0,1,0,0,1,1,0,1,0,0,1,1,1,0,1
上海懿天网络科技有限公司,0,0,1,1,0,0,0,0,1,1,1,1,0,0,1,0,1,0,0
上海易班企业发展有限公司,1,0,0,1,0,1,0,0,1,1,1,1,0,0,0,0,1,0,0
上海普康健康管理咨询有限公司,0,0,1,1,0,1,1,0,0,1,1,1,0,0,0,0,0,0,1
上海极信科技有限公司,0,0,1,1,0,0,0,0,1,1,1,1,0,0,0,0,1,0,1
上海梅歌商贸有限公司,1,0,1,1,0,1,0,0,1,1,1,1,0,0,0,0,1,0,0
上海欢旦信息科技有限公司,0,0,0,1,0,1,0,0,0,1,1,1,0,0,0,0,0,0,0
上海正太网络科技有限公司,0,0,0,1,0,1,0,0,1,1,1,1,0,0,0,0,1,0,0
上海流利说信息技术有限公司,0,0,0,1,0,0,0,0,1,1,1,1,0,0,0,0,1,0,0
上海游牟网络科技有限公司,1,0,1,1,0,1,0,0,1,1,1,1,0,0,0,0,1,0,0
上海灵朵信息科技有限公司,0,0,0,1,0,0,0,0,0,1,1,0,0,0,0,0,0,0,1
上海点掌文化传媒股份有限公司,0,0,1,1,0,1,0,0,0,1,1,1,0,0,1,0,1,0,1
上海爱海斯信息技术有限公司,1,0,1,1,0,1,1,1,1,1,1,1,0,0,0,1,1,0,1
上海爱福窝云技术有限公司,0,0,2,2,0,2,0,0,2,2,2,2,0,0,2,0,0,0,2
上海玄霆娱乐信息科技有限公司,0,0,2,2,0,2,0,0,1,1,2,2,0,0,0,0,2,0,0
上海甄祺电子商务有限公司,0,0,1,1,0,1,0,0,0,1,1,1,0,0,0,0,1,0,0
上海画笙智能科技有限公司,0,1,1,1,0,1,1,1,1,1,1,1,0,0,1,0,1,0,1
上海登庸信息技术有限公司,0,0,2,2,0,2,0,0,0,2,2,2,0,0,0,0,2,0,0
上海百秘健康科技有限公司,1,0,0,1,0,1,0,0,0,1,1,1,0,0,0,0,0,0,0
上海益学投资咨询有限公司,0,0,1,1,0,1,0,0,0,1,1,1,0,0,0,0,0,0,1
上海祈贞韵网络科技有限公司,0,0,1,1,0,1,0,0,0,1,1,1,0,0,0,0,0,0,0
上海禽雪瑶网络科技有限公司,0,0,1,2,0,2,0,0,0,2,2,2,0,0,0,0,1,0,0
上海禾一网络科技有限公司,0,0,0,1,0,0,0,0,0,0,1,0,0,0,1,0,0,0,0
上海禾赞网络科技有限公司,1,1,1,1,0,1,0,0,1,1,1,1,0,0,1,0,1,0,0
上海米居网络科技有限公司,1,0,1,1,0,1,1,0,1,1,1,1,0,0,1,1,1,0,1
上海紫光乐联物联网科技有限公司,1,0,1,1,0,1,0,0,1,1,1,1,0,0,1,1,1,0,1
上海红星美凯龙网络技术有限公司,0,0,1,1,0,1,0,0,1,1,1,1,0,0,0,0,1,0,1
上海纯米电子科技有限公司,0,0,1,1,0,1,0,0,1,1,1,1,0,0,1,0,0,0,1
上海纳客宝信息技术有限公司,1,0,1,1,0,1,0,0,1,1,1,1,0,0,0,0,1,0,1
上海维概网络科技有限公司,0,0,1,1,0,1,0,0,1,1,1,1,0,0,0,0,0,0,0
上海网鱼信息科技有限公司,0,0,1,1,0,1,0,0,1,1,1,1,0,0,0,0,1,0,1
上海美豪酒店管理股份有限公司,0,0,1,1,0,1,0,0,0,1,1,1,0,0,0,0,1,0,0
上海翊咖网络科技有限公司,0,0,0,1,0,0,0,0,0,0,1,1,0,0,0,0,1,0,0
上海聚力传媒技术有限公司,1,0,1,1,0,1,0,0,0,1,1,1,0,0,0,0,1,0,0
上海聚鹏科技有限公司,0,0,1,1,0,1,0,0,0,1,1,1,0,0,0,0,1,0,0
上海艾麒信息科技股份有限公司,0,0,0,1,0,1,0,0,0,1,1,1,0,0,0,0,0,0,0
上海苏帕科技有限公司,0,0,1,1,0,1,0,0,0,1,1,1,0,0,1,0,1,0,0
上海英培商务咨询有限公司,0,0,0,1,0,1,0,0,1,1,1,1,0,0,0,0,1,0,0
上海荟力电子商务有限公司,0,0,1,1,0,1,0,0,1,1,1,1,0,0,0,0,1,0,1
上海荟医信息科技有限公司,0,1,1,1,0,1,1,0,1,1,1,1,0,0,0,0,1,0,0
上海萌家网络科技有限公司,1,0,1,1,0,1,0,0,1,0,1,1,0,0,0,0,1,0,0
上海蔓雯信息科技有限公司,0,0,0,3,0,3,0,0,0,0,3,3,0,0,0,0,0,0,0
上海融帜信息技术有限公司,1,1,1,1,0,1,0,0,1,0,1,1,0,0,1,0,1,1,1
上海触讯信息科技有限公司,0,0,0,1,0,0,0,0,1,1,1,0,0,0,0,0,0,0,0
上海言茨科技中心,0,0,1,1,0,0,0,0,1,1,1,1,0,0,1,0,1,0,0
上海谨务汽车技术咨询有限公司,0,0,1,1,0,1,0,0,0,1,1,1,0,0,0,0,0,0,1
上海赐云网络科技有限公司,0,0,0,1,0,1,0,0,1,1,1,1,0,0,0,0,1,0,0
上海赛可电子商务有限公司,0,0,1,1,0,1,0,0,0,1,1,1,0,0,0,0,1,0,1
上海赫程国际旅行社有限公司,0,1,1,1,0,1,1,0,1,1,1,1,0,0,1,0,1,0,1
上海起昱网络科技有限公司,0,0,0,1,0,1,0,0,1,1,1,1,0,0,0,0,0,0,1
上海趣虫科技有限公司,0,0,1,1,0,0,0,0,1,0,1,1,0,0,0,0,0,0,0
上海趣驾信息科技有限公司,0,0,1,1,0,1,0,0,1,1,1,1,0,0,1,0,1,0,1
上海连尚网络科技有限公司,0,0,1,1,0,1,0,0,1,1,1,1,0,0,1,0,0,0,0
上海追书信息技术中心,0,0,0,2,0,0,0,0,0,1,2,2,0,0,0,0,0,0,0
上海途颐信息技术有限公司,0,0,1,1,0,1,0,0,1,1,1,1,0,0,0,0,1,1,1
上海遇图网络科技有限公司,0,0,1,1,0,1,0,0,0,1,1,1,0,0,0,0,1,0,1
上海邮乐网络技术有限公司,1,0,0,1,0,1,0,0,1,1,1,1,0,0,0,0,1,0,0
上海邱听荷网络科技有限公司,0,0,0,1,0,1,0,0,0,0,1,1,0,0,0,0,0,0,0
上海部恩科技有限公司,0,0,0,1,0,0,0,0,0,1,1,0,0,0,0,0,0,0,0
上海酷乐部信息技术有限公司,0,0,0,1,0,1,0,0,1,1,1,1,0,0,0,0,0,0,0
上海采拾信息科技有限公司,0,0,1,1,0,1,0,0,0,0,1,1,0,0,0,0,0,0,0
上海量码网络科技有限公司,0,0,1,1,0,1,0,0,1,1,1,1,0,0,0,0,1,0,0
上海金蚨软件科技有限公司,0,0,0,1,0,1,0,0,0,1,1,1,0,0,0,0,0,0,0
上海钭飞丹网络科技有限公司,0,0,1,1,0,1,0,0,0,1,1,1,0,0,0,0,1,0,0
上海锘钛通信科技有限公司,0,0,1,1,0,1,0,0,1,1,1,1,0,0,0,1,1,0,0
上海锦江国际电子商务有限公司,2,1,1,2,0,2,1,0,2,2,2,2,0,0,1,1,2,0,2
上海阅文信息技术有限公司,0,0,1,1,0,1,0,0,1,1,1,1,0,0,0,0,1,0,0
上海阑途信息技术有限公司,1,0,2,2,0,2,0,0,2,2,2,2,0,0,1,1,1,0,1
上海露耿绿网络科技有限公司,0,0,1,1,0,1,0,0,0,1,1,1,0,0,0,0,1,0,0
上海青灯软件科技中心,0,0,1,1,0,0,0,0,0,1,1,1,0,0,0,0,0,0,0
上海飞牛集达电子商务有限公司,0,0,0,1,0,1,0,0,0,1,1,1,0,0,0,0,0,0,1
上海骑呗信息技术有限公司,1,1,1,1,0,1,0,0,0,1,1,1,0,0,0,0,1,1,1
上海高欣计算机系统有限公司,1,0,1,1,0,1,0,0,0,1,1,1,0,0,0,0,1,0,0
上海齐家网信息科技股份有限公司,0,0,3,4,0,4,0,0,3,4,3,3,0,0,0,0,4,0,4
上甲（厦门）科技有限公司,0,0,1,1,0,0,0,0,0,0,1,0,0,0,0,0,0,0,0
上门帮电子商务（北京）有限公司,2,2,2,2,0,2,0,2,0,2,2,2,0,0,0,0,2,0,2
东方财富信息股份有限公司,1,0,1,1,0,1,0,0,1,1,1,1,0,0,0,0,0,0,0
东易日盛家居装饰集团股份有限公司,1,0,1,1,0,1,0,0,1,1,1,1,0,0,0,1,0,0,1
东莞市联拓文化用品有限公司,0,0,1,1,0,1,0,0,0,1,1,1,0,0,0,0,1,0,1
东营市东营区广播电视台,0,0,0,1,0,1,0,1,0,1,1,1,0,0,1,0,1,0,1
东软集团股份有限公司,1,1,1,1,0,1,0,1,1,1,1,1,0,0,0,1,1,1,1
东风汽车集团股份有限公司乘用车公司,1,0,1,1,0,1,0,0,1,1,1,1,0,0,0,1,1,0,1
丞家（上海）公寓管理有限公司,1,0,0,1,0,1,0,0,0,1,1,1,0,0,0,0,1,0,1
中企瑞铭科技（北京）有限公司,0,0,1,1,0,0,0,0,0,0,1,1,0,0,0,0,1,0,0
中信建投证券股份有限公司,0,0,1,1,0,1,0,0,1,1,1,1,0,0,0,0,1,0,1
中信证券股份有限公司,0,0,0,1,0,1,0,0,1,1,1,1,0,0,0,0,0,0,1
中养文旅（北京）科技有限公司,0,0,1,1,0,1,0,0,1,1,1,1,0,0,0,0,1,0,0
中国人民健康保险股份有限公司,1,0,1,1,0,1,0,0,1,1,1,1,0,0,1,1,1,0,0
中国平安财产保险股份有限公司,0,0,2,2,0,2,0,0,1,2,2,2,0,0,0,0,1,0,1
中国第一汽车股份有限公司,0,0,1,1,0,1,0,0,1,1,1,1,0,0,0,0,1,0,1
中国联合网络通信有限公司广州市分公司,0,0,0,1,0,1,0,0,0,1,1,1,0,0,0,0,0,0,0
中国轻工业出版社,0,0,0,1,0,0,0,0,1,1,1,0,0,0,0,0,0,0,0
中国银河证券股份有限公司,0,1,0,1,0,1,1,0,1,1,1,1,0,0,0,0,0,0,0
中央广播电视总台,0,0,1,2,0,1,0,0,2,2,2,2,0,0,1,0,2,0,1
中奥科技发展（深圳）有限公司,0,0,1,1,0,1,0,0,1,1,1,1,0,0,1,0,1,0,0
中投视讯文化传媒（上海）有限公司,0,0,1,1,0,1,0,0,1,1,1,1,0,0,0,0,1,0,1
中燃慧生活电子商务有限公司,1,0,0,1,0,1,0,0,1,1,1,1,0,0,0,1,1,0,0
中药谷(潍坊)集团有限公司,1,1,0,1,0,1,1,1,1,1,1,1,0,0,1,1,1,0,1
中译语通科技股份有限公司,1,0,0,1,0,0,0,0,1,0,1,1,0,0,0,0,1,0,0
乐视网信息技术（北京）股份有限公司,1,1,1,1,0,1,0,0,1,1,1,1,0,0,1,0,1,0,1
乐词网络科技（北京）有限公司,0,0,1,1,0,1,0,0,1,1,1,1,0,0,0,0,1,0,1
九五住墅（北京）信息技术有限公司,1,0,1,1,0,1,0,0,1,1,1,1,0,0,1,1,1,0,1
九江亚米信息科技有限公司,0,0,0,2,0,2,0,0,1,2,2,2,0,0,0,0,0,0,0
九江鹏成网络科技有限公司,0,0,0,1,0,1,0,0,0,1,1,1,0,0,0,0,0,0,0
云南红岭云科技股份有限公司,0,0,0,1,0,1,0,0,1,1,1,1,0,0,0,0,0,0,0
云杉智慧新能源技术有限公司,1,0,1,1,0,1,0,0,0,1,1,1,0,0,1,0,1,0,1
亚马逊信息服务（北京）有限公司,0,0,0,1,0,0,0,0,0,0,1,1,0,0,1,0,1,0,0
交通宝互联网技术有限公司,0,0,1,1,0,1,0,0,1,1,1,1,0,0,0,0,0,0,0
交通运输部东海航海保障中心上海海图中心,0,0,0,1,0,1,0,0,0,1,1,1,0,0,0,0,0,0,1
人教数字出版有限公司,1,1,1,1,0,1,1,1,1,1,1,1,0,0,1,0,1,0,0
亿石资讯（北京）有限公司,0,0,0,1,0,1,0,0,0,0,1,1,0,0,0,0,0,0,0
优视科技（中国）有限公司,0,0,4,4,0,4,0,0,4,4,4,4,0,0,0,0,1,0,1
优酷信息技术（北京）有限公司,1,0,1,1,0,1,0,0,1,1,1,1,0,0,0,0,0,0,1
传化公路港物流有限公司,1,0,1,1,0,1,0,0,1,1,1,1,0,0,0,0,1,0,1
佛冈永讯网络技术有限公司,0,0,1,1,0,0,0,0,0,0,1,1,0,0,0,0,0,0,0
佛山市烘焙帮信息技术有限公司,0,0,1,1,0,0,0,0,0,1,1,1,0,0,0,0,1,0,0
保定尚卡网络科技有限公司,0,0,0,1,0,1,0,0,0,0,1,1,0,0,0,0,0,0,0
保定智树网络科技有限公司,0,0,1,1,0,1,0,0,0,0,1,1,0,0,0,0,1,0,0
公安部交通管理科学研究所,0,0,0,1,0,1,0,0,0,1,1,1,0,0,0,0,1,0,0
六洲酒店管理（上海）有限公司,0,0,0,1,0,1,0,0,0,1,1,0,0,0,1,0,0,0,0
兰州聚合视讯科技有限公司,0,0,1,1,0,1,0,0,0,1,1,1,0,0,0,0,0,0,1
兴业证券股份有限公司,0,0,0,1,0,1,0,0,1,1,1,1,0,0,0,0,0,0,0
内江优赞网络科技有限责任公司,0,0,0,1,0,0,0,0,0,1,1,1,0,0,0,0,0,0,0
内江爱阅科技有限责任公司,0,0,0,1,0,1,0,0,0,0,1,1,0,0,0,0,0,0,0
冯璇,0,0,0,2,0,1,0,0,0,0,2,2,0,0,0,0,0,0,0
凯悦国际酒店管理（北京）有限责任公司,0,0,0,0,0,1,0,0,0,0,0,0,0,0,0,0,0,0,0
凯撒景鸿（北京）商务旅游有限责任公司,1,0,0,1,0,1,0,0,0,1,1,1,0,0,0,1,0,0,0
刘国强,0,0,0,1,0,1,0,0,0,1,1,1,0,0,0,0,0,0,0
刘恒林,1,0,1,1,0,0,0,0,0,0,1,1,0,0,0,0,0,0,0
刘正军,1,0,1,1,0,0,0,0,0,0,1,1,0,0,0,0,0,0,0
北京万能小哥信息技术有限公司,0,0,1,1,0,1,1,0,1,1,1,1,0,0,0,0,1,0,1
北京三江七泽科技有限公司,0,0,0,1,0,0,0,0,0,1,1,1,0,0,0,0,0,0,0
北京世纪学霸图书有限责任公司,0,0,1,1,0,0,0,0,0,1,1,1,0,0,0,0,0,0,0
北京世纪联合网络技术有限公司,1,0,0,1,0,1,0,0,0,1,1,1,0,0,1,0,1,0,1
北京中搜网络技术股份有限公司第二分公司,0,0,1,1,0,1,0,0,1,1,1,1,0,0,0,0,1,0,1
北京中文万维科技有限公司,0,0,1,1,0,1,0,0,0,1,1,1,0,0,0,0,1,0,1
北京中文在线文化传媒有限公司,0,0,1,1,0,1,0,0,0,1,1,1,0,0,1,0,1,0,0
北京久幺幺科技有限公司,0,0,1,1,0,1,0,0,1,1,1,1,0,0,1,0,1,0,0
北京久游科技有限公司,1,0,0,0,0,1,0,0,0,1,0,0,0,0,0,0,1,0,0
北京久讯在线科技有限公司,0,0,1,1,0,1,0,0,0,1,1,1,0,0,0,0,0,0,0
北京么么互联信息技术有限公司,0,0,1,1,0,1,0,0,0,1,1,1,0,0,0,0,0,0,0
北京乐读科技有限公司,0,0,3,4,0,4,0,0,0,4,4,4,0,0,0,0,0,0,0
北京乐驾科技有限公司,1,0,1,1,0,1,0,0,1,1,1,1,0,0,0,0,1,0,1
北京九州新亚信息技术有限公司,1,1,1,1,0,1,0,0,1,1,1,1,0,0,1,0,1,0,1
北京云动九天科技有限公司,1,0,1,1,0,1,0,0,1,1,1,1,0,0,1,0,1,0,0
北京云掣科技有限公司,0,0,0,1,0,1,0,0,1,1,1,1,0,0,0,0,1,0,0
北京云漾信息科技有限公司,1,0,1,1,0,1,0,0,1,1,1,1,0,0,0,0,1,0,0
北京五八信息技术有限公司,0,0,0,1,0,1,0,0,0,1,0,1,0,0,1,0,0,0,1
北京五八拍拍信息技术有限公司,1,1,1,1,0,1,1,0,1,1,1,1,0,0,0,0,0,0,0
北京五步天下科技有限公司,0,0,1,1,0,1,0,0,1,1,1,1,0,0,0,0,1,0,1
北京京东世纪贸易有限公司,0,0,1,1,0,1,0,0,0,1,1,1,0,0,0,0,1,0,0
北京京东叁佰陆拾度电子商务有限公司,0,0,1,2,0,1,0,0,0,1,2,1,0,0,0,0,1,0,0
北京亿玖光年科技有限公司,0,0,0,1,0,1,0,0,0,0,1,1,0,0,0,0,0,0,0
北京任之信息技术有限公司,0,0,2,2,0,1,0,0,2,2,2,2,0,0,0,0,2,0,0
北京众阅科技有限公司,0,0,0,1,0,1,0,0,0,1,1,1,0,0,0,0,1,0,1
北京优艺互动科技有限公司,0,0,1,1,0,1,0,0,0,1,1,1,0,0,0,0,1,0,0
北京优虎网络科技有限公司,1,0,1,1,0,0,0,0,1,1,1,1,0,0,1,0,0,0,0
北京佳游乐玩科技有限公司,0,0,1,1,0,1,0,0,0,1,1,1,0,0,0,0,1,0,1
北京停简单信息技术有限公司,0,0,1,1,0,1,0,0,1,1,1,1,0,0,0,0,0,0,0
北京全星时空科技有限公司,1,0,1,1,0,1,0,0,1,1,1,1,0,0,1,0,1,0,1
北京六趣网络科技有限公司,0,0,0,1,0,0,0,0,0,1,1,1,0,0,0,0,0,0,0
北京创意麦奇教育信息咨询有限公司,0,0,2,2,0,1,0,0,2,2,2,2,0,0,1,0,2,0,1
北京创新乐知信息技术有限公司,1,0,1,1,0,1,0,0,1,1,1,1,0,0,1,0,1,0,0
北京力拓飞远科技有限公司,0,0,1,1,0,1,0,0,1,1,1,1,0,0,1,0,0,0,0
北京助梦工场科技有限公司,1,0,1,1,0,0,0,0,1,1,1,1,0,0,0,0,1,0,0
北京北斗教仪科技有限公司,0,0,0,1,0,1,0,0,0,0,1,0,0,0,0,0,1,0,0
北京十月逸栈科技有限公司,1,0,1,1,0,1,0,0,1,1,1,1,0,0,0,0,1,0,0
北京千极移动科技有限责任公司,0,0,0,1,0,0,0,0,0,0,1,1,0,0,0,0,1,0,0
北京华仁颐居信息科技有限公司,0,0,0,1,0,1,0,0,0,1,1,1,0,0,0,0,0,0,1
北京华商三优新能源科技有限公司,0,0,0,1,0,1,0,0,0,1,1,1,0,0,0,0,1,0,1
北京卓翔科技有限公司,0,0,0,1,0,0,1,0,0,1,1,1,0,0,1,0,0,0,0
北京博学明辨科技有限公司,0,0,1,1,0,1,0,0,1,1,1,1,0,0,0,0,1,0,0
北京去哪钓网络科技有限公司,0,0,1,1,0,1,0,0,0,1,1,1,0,0,0,0,1,0,0
北京友和卓谊信息技术有限公司,0,0,0,1,0,1,0,0,0,0,1,1,0,0,0,0,1,0,0
北京可可网络科技有限公司,0,1,2,2,0,1,0,0,2,2,2,0,0,0,0,0,2,0,0
北京启码时代科技有限公司,0,0,0,1,0,0,1,0,0,0,1,1,0,0,0,0,0,0,0
北京启萌教育科技有限公司,1,0,1,1,0,1,0,0,1,1,1,1,0,0,1,0,1,0,0
北京咖瓦信息技术有限公司,0,0,0,1,0,0,0,0,0,1,1,0,0,0,0,0,0,0,0
北京喧歌科技有限公司,0,0,0,1,0,1,0,0,1,0,1,1,0,0,0,0,1,0,0
北京嘉煮科技有限公司,0,0,1,1,0,1,0,1,1,1,1,1,0,0,0,0,1,0,1
北京四象联创网络技术有限公司,0,0,1,1,0,1,0,0,0,1,1,1,0,0,0,0,0,0,0
北京图为先科技有限公司,0,0,0,3,0,3,0,0,3,3,3,3,0,0,0,0,3,0,0
北京塔塔时代科技有限公司,0,0,0,1,0,1,0,0,1,1,1,1,0,0,0,0,0,0,0
北京墨樱科技有限公司,0,0,1,1,0,1,0,0,0,1,1,1,0,0,0,0,0,0,0
北京夏天爱恋科技有限公司,0,0,1,1,0,1,0,0,1,1,1,1,0,0,0,0,1,0,0
北京外研在线数字科技有限公司,0,0,2,2,0,2,0,0,2,1,2,2,0,0,1,0,2,0,1
北京外研讯飞教育科技有限公司,0,0,0,1,0,0,0,0,1,1,1,1,0,0,0,0,1,0,0
北京多看科技有限公司,0,0,0,1,0,0,0,0,0,1,1,1,0,0,1,0,1,0,0
北京多知科技有限公司,0,1,0,1,0,0,1,0,1,1,1,1,0,0,0,0,1,0,0
北京多邻国科技有限公司,0,0,0,1,0,0,0,0,1,0,1,0,0,0,1,0,1,0,0
北京大生在线科技有限公司,0,0,1,1,0,0,0,0,1,1,1,1,0,0,1,0,0,0,0
北京大米科技有限公司,1,0,2,2,0,1,0,0,2,2,2,2,0,0,0,1,2,0,0
北京大觥科技有限公司,0,0,0,1,0,1,0,0,1,1,1,1,0,0,0,0,1,0,0
北京天下有家信息技术有限公司,0,0,1,1,0,1,0,0,0,1,1,1,0,0,0,0,1,0,0
北京天下秀广告有限公司,0,0,1,1,0,1,0,0,1,1,1,1,0,0,0,0,1,0,1
北京天启微创科技有限公司,0,0,1,1,0,1,0,0,1,1,1,1,0,0,0,0,1,0,1
北京天天乐学教育科技有限公司,0,0,1,1,0,1,0,0,1,1,1,1,0,0,0,0,1,0,0
北京天威晟拓科技有限公司,0,0,1,1,0,1,0,0,0,1,1,1,0,0,0,0,1,0,0
北京天桐互动科技有限公司,0,0,0,1,0,1,0,0,1,1,1,1,0,0,0,0,0,0,0
北京天联瑞和科技有限公司,0,0,0,1,0,1,0,0,0,0,1,1,0,0,0,0,1,0,0
北京奇元科技有限公司,1,0,1,1,0,1,0,0,1,1,1,1,0,0,0,0,1,0,0
北京奇虎科技有限公司,0,0,4,4,0,4,0,0,2,3,4,4,0,0,2,0,2,0,1
北京好豆网络科技有限公司,0,0,1,1,0,1,0,0,1,1,1,1,0,0,0,0,1,0,1
北京字节跳动科技有限公司,1,0,2,2,0,2,0,0,2,2,2,2,0,0,1,0,2,0,0
北京宜生健康科技有限公司,0,0,1,1,0,1,0,0,0,1,1,1,0,0,0,0,0,0,0
北京宝宝爱吃餐饮管理有限公司,0,0,1,1,0,1,0,0,1,1,1,1,0,0,0,0,0,0,1
北京家视通科技有限公司,0,0,1,1,0,1,0,0,1,1,1,1,0,0,1,0,1,0,0
北京对啊网教育科技有限公司,1,0,1,1,0,1,0,0,1,1,1,1,0,0,1,0,1,0,0
北京小吧智能科技有限公司,1,0,0,1,0,1,0,0,1,1,1,1,0,0,1,1,1,0,1
北京小川在线网络技术有限公司,0,0,1,1,0,1,0,0,1,1,1,1,0,0,0,0,0,0,0
北京小度互娱科技有限公司,0,0,1,1,0,0,0,0,0,0,1,1,0,0,0,0,1,0,0
北京小桔科技有限公司,1,0,1,1,0,1,0,0,1,1,1,1,0,0,0,0,0,0,1
北京小熊博望科技有限公司,1,1,1,1,0,1,0,0,0,1,1,1,0,0,1,0,1,0,0
北京尚儒沃德网络科技有限公司,0,0,0,1,0,1,0,0,0,1,1,1,0,0,0,0,0,0,1
北京尚博信科技有限公司,1,0,1,1,0,1,0,0,1,1,1,1,0,0,1,1,1,0,1
北京居然无忧科技有限公司,0,0,0,1,0,1,0,0,0,1,1,1,0,0,0,0,1,0,1
北京异乡旅行网络科技有限公司,1,0,1,1,0,1,0,0,1,1,1,1,0,0,1,1,1,0,0
北京弹幕网络科技有限公司,0,0,1,1,0,0,0,0,1,1,1,1,0,0,0,0,0,0,0
北京得间科技有限公司,0,0,1,1,0,1,0,0,0,1,1,1,0,0,1,0,1,0,0
北京微字节网络科技有限公司,0,0,0,1,0,1,0,0,1,1,1,1,0,0,0,0,1,0,1
北京微播视界科技有限公司,2,0,2,2,0,2,0,0,2,2,2,2,0,0,0,0,2,0,0
北京心往科技有限公司,0,0,0,1,0,0,0,0,0,0,1,0,0,0,0,0,0,0,0
北京快娱互动科技有限公司,0,0,0,1,0,0,0,0,0,0,0,1,0,0,0,0,0,0,0
北京快手科技有限公司,1,0,2,2,0,2,0,0,2,2,2,2,0,0,1,0,0,0,0
北京快跑信息科技有限公司,0,0,1,0,0,1,0,0,1,1,1,1,0,0,0,0,1,0,0
北京思略九航科技有限公司,0,0,1,2,0,2,0,0,0,2,2,2,0,0,1,0,0,0,0
北京惠买网络科技有限公司,0,0,1,1,0,0,0,0,1,1,1,1,0,0,0,0,1,0,1
北京捷通华声科技股份有限公司,1,0,0,1,0,0,0,0,1,1,1,1,0,0,1,1,0,0,0
北京掌上卓阅科技发展有限公司,0,0,1,1,0,1,0,0,0,1,1,1,0,0,0,0,1,0,0
北京搜房网络技术有限公司,1,1,1,1,0,1,1,1,1,1,1,1,0,0,1,0,1,0,1
北京搜狐新媒体信息技术有限公司,1,0,1,1,0,1,0,0,1,1,1,1,0,0,1,0,1,0,0
北京搜狗科技发展有限公司,2,1,4,4,0,3,1,0,4,3,4,4,0,0,3,0,3,0,0
北京搜狗网络技术有限公司,0,1,2,3,0,3,1,1,2,1,3,3,0,0,1,0,3,0,0
北京数字一百信息技术有限公司,0,0,1,1,0,1,0,0,0,0,1,1,0,0,0,0,1,0,0
北京文景时代教育科技有限公司,0,0,1,1,0,0,0,0,1,1,1,1,0,0,0,0,1,0,0
北京斯帕克科技有限公司,0,0,1,1,0,1,0,0,1,1,1,1,0,0,1,0,1,0,1
北京方正手迹数字技术有限公司,1,0,1,1,0,0,0,0,1,1,1,1,0,0,1,0,1,0,1
北京易天新动网络科技有限公司,0,0,1,1,0,0,0,0,0,1,1,1,0,0,0,0,1,0,0
北京易橙天下科技有限公司,0,0,1,1,0,1,0,1,1,1,1,1,0,0,0,0,1,0,0
北京星河时代信息技术有限公司,1,0,1,1,0,1,0,0,1,1,1,1,0,0,0,0,1,0,0
北京春秋时代科技发展有限公司,0,0,1,1,0,1,0,0,0,1,1,1,0,0,0,0,1,0,0
北京晋江原创网络科技有限公司,0,0,1,1,0,1,0,0,0,1,1,1,0,0,0,0,1,0,0
北京晓明筑梦数据服务有限公司,0,1,1,1,0,1,1,0,1,1,1,1,0,0,1,0,1,0,1
北京智慧流教育科技有限公司,0,0,1,1,0,1,0,0,1,1,1,1,0,0,0,0,1,0,0
北京智慧章鱼科技有限公司,1,1,1,1,0,1,0,0,1,1,1,1,0,0,1,0,1,0,0
北京智辉空间科技有限责任公司,1,0,0,1,0,1,0,0,0,1,1,1,0,0,0,0,0,0,1
北京更嗨科技有限公司,0,0,1,1,0,1,0,0,1,1,1,1,0,0,0,0,1,0,0
北京月神之箭网络科技有限公司,1,0,1,1,0,1,0,0,1,1,1,1,0,0,0,0,1,0,0
北京有爱时代科技有限公司,1,0,0,1,0,1,0,0,1,1,1,1,0,0,0,0,1,0,0
北京极动创想科技有限公司,0,0,0,1,0,1,0,0,0,1,1,1,0,0,0,0,1,0,1
北京极赞科技有限公司,1,0,1,1,0,1,0,0,1,1,1,0,0,0,1,0,1,0,0
北京果心科技有限公司,0,1,1,1,0,1,1,0,0,1,1,1,0,0,1,0,1,0,0
北京桃源到家科技发展有限公司,1,0,1,1,0,1,0,0,1,1,1,1,0,0,1,1,1,0,1
北京梦之窗数码科技有限公司,0,0,1,1,0,1,0,0,1,1,1,1,0,0,0,0,1,0,0
北京正清瑞德科技发展有限公司,0,0,1,1,0,1,0,0,0,1,1,1,0,0,0,0,1,0,0
北京水滴芒果科技有限公司,0,0,0,1,0,0,0,0,0,0,1,1,0,0,0,0,0,0,0
北京汤圆和它的小伙伴们网络科技有限公司,0,0,1,1,0,1,0,0,1,1,1,1,0,0,0,0,1,0,0
北京治学教育科技有限公司,0,0,1,1,0,1,0,0,1,1,1,1,0,0,0,0,1,0,0
北京波粒子科技有限公司,0,0,0,1,0,0,0,0,1,1,1,1,0,0,0,0,0,0,0
北京泼辣熊科技有限公司,0,0,0,1,0,0,0,0,0,1,1,0,0,0,0,0,0,0,0
北京淘友天下科技发展有限公司,1,0,1,1,0,1,0,0,1,1,1,0,0,0,0,1,1,0,0
北京淘阅文化科技有限公司,0,0,0,2,0,2,0,0,0,0,2,2,0,0,0,0,0,0,0
北京火星拍档文化发展有限公司,0,0,1,1,0,1,0,0,1,1,1,1,0,0,0,0,1,0,0
北京点众科技股份有限公司,0,0,2,2,0,0,0,0,0,0,2,2,0,0,0,0,2,0,0
北京点点看看科技有限公司,0,0,2,2,0,0,0,0,2,2,2,2,0,0,1,0,0,0,0
北京爱奇艺科技有限公司,1,0,3,3,0,3,0,0,1,3,3,3,0,0,2,0,3,0,0
北京爱游易科技有限公司,0,0,2,2,0,2,0,0,1,2,2,2,0,0,2,0,2,0,1
北京爱萌宠文化传媒有限公司,1,0,0,1,0,1,0,0,1,1,1,1,0,0,0,0,1,0,1
北京爱语吧科技有限公司,6,8,6,8,0,8,8,6,8,8,8,8,0,0,7,0,6,0,6
北京爱车家网络科技有限公司,1,0,1,1,0,1,0,0,0,1,1,1,0,0,1,1,1,0,1
北京牛电科技有限责任公司,0,0,0,1,0,1,0,0,1,1,1,1,0,0,0,0,1,0,1
北京猿力教育科技有限公司,0,0,1,1,0,1,0,0,1,1,1,1,0,0,0,0,0,0,1
北京瑞荻互动科技有限公司,1,0,1,2,0,1,0,0,1,1,2,2,0,0,0,0,1,0,0
北京电小二网络科技有限公司,1,1,1,1,0,1,0,0,0,1,1,1,0,0,1,0,1,0,1
北京电音多多科技有限公司,0,0,0,1,0,0,0,0,0,1,1,1,0,0,0,0,0,0,0
北京畅行信息技术有限公司,0,0,1,1,0,0,0,0,1,1,1,1,0,0,0,0,1,0,0
北京白鱼入舟科技有限公司,0,0,0,1,0,1,0,0,0,0,1,1,0,0,0,0,0,0,0
北京百度网讯科技有限公司,1,0,2,2,0,2,1,1,2,2,2,2,0,0,0,0,2,0,1
北京盛世传越科技有限公司,0,0,1,2,0,1,0,0,0,2,2,2,0,0,0,0,2,0,0
北京石头世纪科技股份有限公司,0,0,0,0,0,1,0,0,1,0,0,0,0,0,0,0,0,0,0
北京硬核聚视科技有限公司,0,0,0,1,0,1,0,0,0,1,1,1,0,0,0,0,1,0,0
北京站酷网络科技有限公司,1,0,1,1,0,1,0,0,1,1,1,1,0,0,1,0,1,0,1
北京第二信息技术有限责任公司,1,0,1,1,0,1,0,0,0,0,1,1,0,0,0,0,1,0,0
北京米天下科技股份有限公司,0,0,0,1,0,1,0,0,0,1,1,1,0,0,0,0,1,0,1
北京粉笔蓝天科技有限公司,0,0,0,1,0,0,0,0,1,1,1,1,0,0,0,0,0,0,0
北京红袖添香科技发展有限公司,0,0,1,1,0,1,0,0,1,1,1,1,0,0,0,0,1,0,0
北京美时杰信息技术有限公司,0,0,1,1,0,1,0,0,1,1,1,1,0,0,0,0,1,0,0
北京美易互动信息技术有限公司,1,0,0,1,0,1,0,0,0,1,1,1,0,0,0,0,0,0,0
北京腾飞克科技有限公司,0,1,1,1,0,0,1,1,0,1,1,1,0,0,0,0,1,0,0
北京臻鼎科技有限公司,0,0,0,1,0,1,0,0,0,1,1,1,0,0,0,0,0,0,1
北京艺源酷科技有限公司,0,0,1,1,0,0,0,0,1,1,1,1,0,0,0,0,1,0,0
北京艺龙国际旅行社有限公司天津分公司,0,0,1,1,0,1,0,0,0,1,1,1,0,0,0,0,1,0,0
北京芯盾集团有限公司,1,0,1,1,0,0,0,0,0,0,1,1,0,0,0,0,0,0,0
北京葡萄智学科技有限公司,0,0,1,1,0,1,0,0,1,1,1,1,0,0,0,0,1,0,0
北京蓝城兄弟文化传媒有限公司,0,0,1,1,0,1,0,0,1,1,1,1,0,0,0,0,1,0,0
北京蓝湾博阅科技有限公司,0,0,0,1,0,1,0,0,0,1,1,1,0,0,0,0,1,0,1
北京裕山阳科技发展有限公司,1,0,1,1,0,1,0,0,0,1,1,1,0,0,0,0,0,0,1
北京视觉世界科技有限公司,1,0,0,1,0,1,0,0,0,1,1,1,0,0,0,0,1,0,0
北京记忆曲线科技有限公司,1,0,1,1,0,0,0,0,0,1,1,1,0,0,0,0,0,0,0
北京读我科技有限公司,0,0,2,3,0,1,0,0,3,3,3,3,0,0,0,0,1,0,0
北京豆果信息技术有限公司,1,0,1,1,0,1,1,1,1,1,1,1,0,0,0,0,1,0,1
北京豆网科技有限公司,0,0,1,1,0,1,0,0,0,1,1,1,0,0,0,0,0,0,0
北京贝太文化传媒有限公司,0,0,1,1,0,1,0,0,1,1,1,1,0,0,0,0,1,1,1
北京超卓科技有限公司,0,0,1,1,0,1,0,0,1,1,1,1,0,0,0,0,0,0,0
北京路客互联网科技有限公司,0,0,1,1,0,1,0,0,1,1,1,1,0,0,0,0,1,0,0
北京车之家信息技术有限公司,0,0,1,1,0,1,0,0,1,1,1,1,0,0,0,0,1,0,1
北京追书时代科技发展有限公司,0,0,2,2,0,2,0,0,0,2,2,2,0,0,0,0,2,0,0
北京造化科技有限公司,0,0,1,1,0,0,0,0,1,1,1,1,0,0,1,0,1,0,1
北京逸墅网络科技有限公司,0,0,0,1,0,1,0,0,1,1,1,1,0,0,0,0,1,0,1
北京重力无限科技有限公司,0,0,0,1,0,0,0,0,0,1,1,1,0,0,0,0,0,0,0
北京金山安全软件有限公司,0,0,1,1,0,1,0,0,1,1,1,1,0,0,1,0,1,0,0
北京金色世纪商旅网络科技股份有限公司,1,1,1,1,0,1,1,0,1,1,1,1,0,0,1,0,1,0,1
北京长佩网络科技有限公司,0,0,1,1,0,1,0,0,0,1,1,1,0,0,0,0,1,0,1
北京闪趣信息技术有限公司,0,0,1,1,0,0,0,0,1,0,1,1,0,0,0,0,1,0,0
北京阅友科技有限公司,0,0,0,1,0,1,0,0,0,0,1,1,0,0,0,0,0,0,0
北京阅微草堂科技发展有限公司,0,0,1,1,0,1,0,0,1,1,1,1,0,0,0,0,1,0,1
北京阅见未来网络科技有限公司,0,0,1,1,0,0,0,0,0,0,1,1,0,0,0,0,1,0,0
北京隆姿青云科技有限公司,0,0,0,1,0,1,0,0,0,1,1,1,0,0,0,0,1,0,1
北京雪球信息科技有限公司,0,0,1,1,0,0,0,0,1,1,1,1,0,0,0,0,1,0,0
北京颜选科技有限公司,0,0,0,1,0,0,0,0,0,1,1,1,0,0,0,0,0,0,0
北京飞嘀智慧交通科技股份有限公司,1,1,1,1,0,1,0,1,1,1,1,1,0,0,1,0,1,0,1
北京香哈网络股份有限公司,0,0,1,1,0,1,0,0,1,1,1,1,0,0,1,0,1,0,0
北京高德云图科技有限公司,1,0,1,1,0,1,0,0,1,1,1,1,0,0,0,0,1,0,0
北京鲸榄网络科技有限公司,0,1,0,1,0,1,0,0,1,1,1,1,0,0,0,0,1,0,0
北京鸿钜电子科技有限公司,0,0,0,1,0,0,0,0,0,0,1,0,0,0,0,0,0,0,0
北京鹏图助梦科技有限公司,0,0,1,1,0,1,0,0,1,1,1,1,0,0,0,0,0,0,0
北京鹤源新业文化传播有限公司,0,0,0,1,0,1,0,0,0,1,1,1,0,0,0,0,0,0,0
北京默契破冰科技有限公司,0,0,2,2,0,2,0,0,2,2,2,2,0,0,0,0,2,0,0
北汽福田汽车股份有限公司北京汽车销售分公司,0,0,1,1,0,1,0,1,1,1,1,1,0,0,1,0,1,0,1
北界无限（北京）软件有限公司,0,0,1,1,0,1,0,0,0,1,1,1,0,0,0,0,1,0,0
华为终端有限公司,1,0,1,2,0,1,0,0,1,1,2,1,0,0,2,0,1,0,0
华为软件技术有限公司,0,0,1,3,0,1,0,0,1,2,3,1,0,0,1,0,2,0,0
华住酒店管理有限公司,1,0,1,1,0,1,0,0,1,1,1,1,0,0,0,0,1,0,1
华夏城视网络电视股份有限公司,1,0,1,1,0,1,0,0,1,1,1,1,0,0,1,0,1,0,0
华数传媒网络有限公司,1,1,3,3,0,3,1,0,3,2,3,3,0,0,1,0,3,0,2
南京东南公寓管理有限公司,0,0,1,1,0,1,0,0,1,1,1,1,0,0,0,0,1,0,0
南京大众书网图书文化有限公司,0,0,0,1,0,0,0,0,0,1,1,1,0,0,1,0,1,0,0
南京奥普自动化科技有限公司,0,0,0,1,0,0,0,0,0,0,1,1,0,0,0,0,0,0,0
南京慕斯喵网络科技有限公司,0,0,0,1,0,1,0,0,0,1,1,1,0,0,0,0,0,0,0
南京方和网络科技有限公司,1,0,0,1,0,0,0,0,0,1,1,1,0,0,0,0,0,0,0
南京朗诗寓商业管理有限公司,1,0,1,1,0,1,0,0,0,1,1,1,0,0,1,0,1,0,1
南京未来鸿网络科技有限公司,1,0,1,2,0,1,0,0,1,1,2,2,0,0,0,0,0,0,0
南京水源互娱电竞科技有限公司,0,0,0,1,0,1,0,0,1,1,1,1,0,0,0,0,0,0,0
南京派翰信息科技有限公司,0,0,0,1,0,1,0,0,0,0,1,1,0,0,0,0,1,0,0
南京爱福路汽车科技有限公司,0,0,1,1,0,1,0,0,1,1,1,1,0,0,0,0,1,0,0
南京物橙信息技术有限公司,0,0,0,1,0,1,0,0,0,1,1,1,0,0,0,0,0,0,0
南京石匠网络科技有限公司,0,0,1,1,0,1,0,0,1,1,1,1,0,0,0,0,1,0,0
南京蓝鲸人网络科技有限公司,1,1,1,1,0,1,1,1,1,1,1,1,0,0,1,0,1,0,0
南京设易网络科技有限公司,0,0,1,1,0,1,0,0,1,1,1,1,0,0,1,0,1,0,1
南京贝湾信息科技有限公司,0,0,0,2,0,0,0,0,2,0,2,2,0,0,0,0,2,0,0
南京赶超里信息技术有限公司,0,0,0,1,0,1,0,0,1,1,1,1,0,0,0,0,0,0,0
南京超创信息科技有限公司,0,0,1,1,0,1,0,0,0,0,1,1,0,0,0,0,0,0,0
南京魔度互娱信息技术有限公司,0,0,1,0,0,1,0,0,0,0,0,1,0,0,0,0,1,0,0
南宁一站网网络技术有限公司,1,0,1,1,0,1,0,0,1,1,1,1,0,0,1,1,1,0,0
南昌追风网络科技有限公司,0,0,0,1,0,1,0,0,0,0,1,1,0,0,0,0,0,0,0
博房网客服中心（上海）有限公司,0,0,0,1,0,0,0,0,1,1,1,1,0,0,1,0,0,0,0
博西华家用电器服务江苏有限公司,0,0,0,1,0,0,0,0,0,1,1,1,0,0,0,0,0,0,0
厦门三零零网络科技有限公司,1,0,0,1,0,0,0,0,0,1,1,1,0,0,0,0,0,0,0
厦门中营科技有限公司,0,0,0,1,0,1,0,0,1,1,1,1,0,0,1,0,1,0,1
厦门乐榜网络科技有限公司,0,0,0,1,0,1,0,0,0,0,1,1,0,0,0,0,0,0,0
厦门创世线程科技有限公司,0,0,1,1,0,0,0,0,1,0,1,0,0,0,0,0,0,0,0
厦门千时科技有限公司,0,0,1,1,0,0,0,0,1,1,1,1,0,0,0,0,1,0,0
厦门大锤网络科技有限公司,0,0,0,1,0,1,0,0,1,1,1,1,0,0,0,0,1,0,0
厦门好主妇信息技术有限公司,0,0,1,1,0,1,0,0,1,1,1,1,0,0,1,0,1,0,0
厦门沃鸿信息技术有限公司,1,0,1,3,0,3,0,0,3,3,3,3,0,0,2,0,3,0,0
厦门灵感方舟网络科技有限公司,0,0,1,1,0,0,0,0,1,1,1,1,0,0,0,0,0,0,0
厦门知本家科技有限公司,0,0,1,1,0,1,0,0,1,1,1,1,0,0,0,0,1,0,0
厦门稿定股份有限公司,0,0,0,1,0,1,0,0,1,1,1,1,0,0,1,0,1,0,0
厦门简帛云生态科技有限公司,0,0,1,1,0,1,0,0,1,1,1,1,0,0,1,0,1,0,0
厦门绿斗堂网络科技有限公司,0,0,0,1,0,1,0,0,0,1,1,1,0,0,0,0,0,0,0
厦门美图网科技有限公司,0,0,1,1,0,1,0,0,0,1,1,1,0,0,0,0,0,0,0
厦门说玩互娱科技有限公司,0,0,1,1,0,1,0,0,0,1,1,1,0,0,0,0,0,0,0
厦门酷熊科技有限公司,0,0,0,1,0,1,0,0,0,1,1,1,0,0,0,0,0,0,0
台州清懂网络科技有限公司,1,0,1,1,0,1,0,0,1,1,1,1,0,0,1,0,1,0,0
台江区色彩软件开发工作室,0,0,0,1,0,0,0,0,0,1,1,0,0,0,0,0,0,0,0
号百商旅电子商务有限公司,1,0,0,1,0,1,0,0,0,0,1,0,0,0,0,0,0,0,0
合肥市滨湖新区房屋租赁有限公司,1,0,1,1,0,1,0,1,1,1,1,1,0,0,0,1,1,0,0
合肥应顺信息科技有限公司,0,0,0,1,0,1,0,0,0,0,1,1,0,0,0,0,0,0,0
合肥得韬网络科技有限公司,0,0,0,1,0,0,0,0,0,1,1,1,0,0,0,0,0,0,0
合肥润傲信息科技有限公司,0,0,1,1,0,1,0,0,1,1,1,1,0,0,0,0,1,0,0
合肥研律网络科技有限公司,0,0,0,1,0,0,0,0,0,1,1,1,0,0,0,0,0,0,0
合肥繁楼科技有限公司,0,0,1,1,0,1,0,0,0,0,1,1,0,0,0,0,1,0,0
合肥维天运通信息科技股份有限公司,1,0,1,1,0,1,0,0,1,1,1,1,0,0,1,0,1,0,1
合肥聚美网络科技有限公司,0,0,0,3,0,1,0,0,0,3,3,3,0,0,0,0,0,0,1
合肥胖宝科技有限公司,0,0,0,2,0,2,0,0,1,1,2,2,0,0,0,0,0,0,1
合肥赞闪网络科技发展有限公司,0,0,0,1,0,0,0,0,0,1,1,1,0,0,0,0,0,0,0
吉安市吉州区灵韵网络科技有限公司,0,0,0,1,0,1,0,0,0,0,1,1,0,0,0,0,0,0,0
吉安聚鼎科技有限公司,0,0,0,1,0,1,0,0,0,1,1,1,0,0,0,0,0,0,0
吉林广电新媒体有限公司,0,1,1,1,0,1,1,0,1,1,1,1,0,0,1,0,1,0,0
吉林省亿聚网络科技有限公司,1,1,0,1,0,1,1,1,1,1,1,1,0,0,1,1,1,0,1
吉林省差旅天下网络技术股份有限公司,1,0,1,1,0,1,0,0,1,1,1,1,0,0,0,0,0,0,1
吉林省格物致知网络科技有限公司,1,0,1,1,0,1,0,0,1,1,1,1,0,0,0,0,1,0,0
启汇科技,0,0,1,1,0,1,0,0,1,1,1,1,0,0,0,0,0,0,1
和美酒店管理（上海）有限公司,1,0,1,1,0,1,0,0,0,1,1,1,0,0,0,1,1,0,1
咪咕数字传媒有限公司,0,0,1,1,0,0,0,0,1,1,1,1,0,0,1,0,1,0,0
咪咕视讯科技有限公司,0,0,1,1,0,1,0,1,1,1,1,1,0,0,1,0,1,0,0
哈尔滨华设网络科技有限公司,0,0,0,1,0,1,0,0,0,0,1,1,0,0,0,0,0,0,0
嗨海友酒店管理（宁波）有限公司,1,0,0,1,0,1,0,0,0,1,1,1,0,0,0,0,1,0,1
嘉兴君政教育科技有限公司,0,0,0,2,0,0,0,0,0,0,2,2,0,0,0,0,0,0,0
嘉兴雨墨信息科技有限公司,0,0,1,1,0,1,0,0,1,1,1,1,0,0,0,0,0,0,0
嘉泽无限（北京）网络科技有限公司,1,0,1,1,0,1,0,0,1,1,1,1,0,0,0,0,1,0,0
四川墨竹旅游咨询有限公司,0,0,0,1,0,1,0,0,0,1,1,1,0,0,0,0,0,0,0
四川常乐投资管理有限公司,1,0,1,1,0,1,0,0,1,0,1,1,0,0,0,0,1,0,1
四川我要去哪科技股份有限公司,1,0,1,1,0,1,0,0,1,1,1,1,0,0,0,1,1,0,1
四川畅游天翼科技有限公司,0,0,0,1,0,1,0,0,1,1,1,1,0,0,0,0,0,0,0
四川蓝光嘉宝服务集团股份有限公司,1,0,1,1,0,1,0,0,1,1,1,1,0,0,1,0,1,0,1
四川讯飞超脑信息科技有限公司,0,0,0,1,0,0,0,0,1,0,1,0,0,0,0,0,0,0,0
四川金熊猫新媒体有限公司,0,0,1,1,0,1,0,0,1,1,1,1,0,0,0,0,1,0,0
团博百众（北京）科技有限公司,1,0,1,1,0,1,0,0,0,1,1,1,0,0,0,0,1,0,0
国信证券股份有限公司,0,0,0,1,0,0,0,0,1,1,1,1,0,0,0,0,0,0,0
国家图书馆（中国国家图书馆、中国国家古籍保护中心、国家典籍博物馆）,0,0,1,1,0,1,0,0,1,1,1,1,0,0,1,0,1,0,0
国广星空视频科技（北京）有限公司,0,0,1,1,0,1,0,0,0,1,1,1,0,0,0,0,1,0,0
国泰君安证券股份有限公司,0,0,1,1,0,1,0,0,1,1,1,1,0,0,0,0,1,0,0
国珍健康科技（北京）有限公司,1,1,1,1,0,1,0,1,1,1,1,1,0,0,1,0,1,0,1
国美在线电子商务有限公司,1,0,1,1,0,1,0,0,1,1,0,1,0,0,1,0,1,0,1
塞厨网络科技（上海）有限公司,0,0,1,1,0,1,0,0,1,1,1,1,0,0,0,0,1,0,0
壳牌（中国）有限公司,0,0,1,1,0,1,0,0,0,1,1,1,0,0,0,0,1,0,0
大连嘉游网络科技有限公司,0,0,0,1,0,0,0,0,0,1,1,0,0,0,0,0,0,0,0
大连快码科技有限公司,0,0,0,1,0,1,0,0,1,1,1,1,0,0,0,0,1,0,0
大连景圣科技有限公司,0,0,1,1,0,1,0,0,0,1,1,1,0,0,1,0,1,0,1
大连爱皮皮科技有限公司,0,0,0,2,0,2,0,0,1,1,2,2,0,0,0,0,1,0,0
大连玉喜保健食品科技有限公司,0,0,1,1,0,1,0,0,0,1,1,1,0,0,0,0,0,0,1
大金（中国）投资有限公司上海分公司,0,0,0,1,0,1,0,0,0,1,1,1,0,0,0,0,0,0,1
天津安伴智能科技有限公司,0,0,0,1,0,1,0,0,0,1,1,1,0,0,0,0,0,0,0
天津小屋信息科技有限公司,0,0,1,1,0,1,0,0,1,1,1,1,0,0,0,0,1,0,1
天津悦来科技有限公司,0,0,0,1,0,1,0,0,0,0,1,1,0,0,0,0,0,0,0
天津才信科技有限公司,0,0,0,1,0,1,0,0,0,0,1,1,0,0,0,0,1,0,0
天津滨海新区美团旅游有限责任公司,1,0,1,1,0,1,0,1,1,1,1,1,0,0,1,1,1,0,1
天津酷阅信息科技有限公司,0,0,2,2,0,2,0,1,0,1,2,2,0,0,0,0,2,0,0
天津量子时代网络科技有限公司,0,0,1,1,0,1,0,0,1,1,1,1,0,0,0,0,1,0,0
天涯社区网络科技股份有限公司,1,0,0,1,0,1,0,0,1,1,1,1,0,0,0,0,1,0,0
天翼视讯传媒有限公司,0,0,1,1,0,0,0,0,0,1,1,1,0,0,0,0,0,0,0
太炫科技（南京）有限公司,0,0,1,1,0,0,0,0,0,1,1,0,0,0,0,0,0,0,0
央视国际网络有限公司,0,0,1,1,0,1,0,0,0,2,1,1,0,0,0,0,1,0,0
好省钱（厦门）网络科技有限公司,0,0,1,1,0,1,0,0,0,1,1,1,0,0,0,0,1,0,0
孔祥琦,0,0,0,1,0,1,0,0,0,0,1,1,0,0,0,0,0,0,0
季雪飞,0,0,1,1,0,0,0,0,1,1,1,1,0,0,0,0,0,0,0
宁夏国邦恒通信息产业有限公司,1,0,2,2,0,2,0,0,1,2,2,2,0,0,1,1,2,0,1
宁波仁誉电子商务有限公司,0,0,0,1,0,1,0,0,1,1,1,1,0,0,0,0,1,0,1
宁波白金汉爵酒店投资有限公司,1,0,1,1,0,1,0,0,0,1,1,1,0,0,1,0,1,0,1
宁波象宁宝波电子商务有限公司,0,0,0,1,0,1,0,0,1,1,1,1,0,0,0,0,1,0,1
安庆市晶亮信息技术有限公司,0,0,0,1,0,1,0,0,0,1,1,1,0,0,0,0,0,0,0
安彼迎网络（北京）有限公司,1,0,0,1,0,1,0,0,1,1,1,1,0,0,1,0,1,0,0
安徽省御味香餐饮管理有限公司,0,0,0,1,0,0,0,0,0,1,1,1,0,0,0,0,1,0,1
安徽省鲲娱互联网有限公司,0,0,1,1,0,1,0,0,1,1,1,1,0,0,0,0,1,0,0
完美世界控股集团有限公司,0,0,0,1,0,0,0,0,1,1,1,1,0,0,0,0,0,0,0
宜昌三峡广电传媒有限责任公司,1,0,1,1,0,1,0,0,1,1,1,1,0,0,1,0,1,0,1
宝马（中国）服务有限公司,0,0,1,1,0,1,0,0,1,1,1,1,0,0,0,0,1,0,0
家宅一生（北京）科技有限公司,0,0,1,1,0,1,0,0,1,1,1,1,0,0,0,0,1,0,1
宿州指点网络科技有限公司,0,0,1,1,0,1,0,0,1,0,1,1,0,0,0,0,1,0,0
小猴易生中医科技（深圳）有限公司,0,0,0,1,0,0,0,0,0,0,1,1,0,0,0,0,1,0,0
山东掌通检测技术有限公司,0,0,0,1,0,1,0,0,0,1,1,1,0,0,0,0,0,0,0
山东星火国际传媒集团有限公司,0,0,1,1,0,1,0,0,1,1,1,1,0,0,0,0,1,0,1
山东银座佳驿酒店有限公司,0,0,1,1,0,1,0,0,0,0,1,1,0,0,0,0,0,0,0
山海边（北京）电子商务股份有限公司,0,0,1,1,0,1,0,0,0,1,1,1,0,0,0,0,1,0,1
山西角色网络科技有限公司,1,0,0,1,0,1,0,0,1,1,1,1,0,0,1,1,1,0,1
岳阳市广播电视台,0,0,0,1,0,1,0,0,0,1,1,1,0,0,0,0,0,0,1
岳阳市鼎创科技有限公司,0,0,1,1,0,1,0,0,1,1,1,1,0,0,1,0,1,0,1
希尔顿酒店管理（上海）有限公司,0,0,0,0,0,0,0,0,0,0,0,0,0,0,0,0,0,0,0
常州中吴网传媒有限公司,0,0,1,1,0,1,0,0,1,1,1,1,0,0,1,0,1,0,0
常州乐活旅游投资有限公司,0,0,1,1,0,1,0,0,0,0,1,1,0,0,1,0,0,0,1
平安证券股份有限公司,1,0,1,1,0,0,0,0,1,1,1,1,0,0,0,0,1,0,0
平安车管家汽车租赁有限公司,1,1,1,1,0,1,0,0,1,1,1,1,0,0,0,0,0,1,0
广东万家乐燃气具有限公司,0,1,1,1,0,1,1,0,1,1,1,1,0,0,0,0,1,0,0
广东三维家信息科技有限公司,0,0,0,1,0,1,0,0,1,1,1,1,0,0,0,0,0,0,1
广东修炼科技股份有限公司,1,0,0,1,0,1,0,0,1,1,1,1,0,0,0,0,1,0,1
广东好太太科技集团股份有限公司,1,0,1,1,0,1,0,0,1,1,1,1,0,0,1,0,1,0,1
广东沙师弟网络科技有限公司,1,1,1,1,0,1,1,0,1,1,1,1,0,0,0,0,1,0,1
广东联邦车网科技股份有限公司,1,0,1,1,0,1,0,0,1,1,1,1,0,0,0,0,1,0,1
广东致扬科技有限公司,0,0,1,1,0,1,0,0,1,1,1,1,0,0,1,0,1,0,0
广东途乐物业管理服务有限公司,0,0,0,1,0,1,0,0,0,1,1,1,0,0,0,0,0,0,1
广东顺德拓涂装饰科技有限公司,0,0,0,1,0,1,0,0,0,1,1,1,0,0,1,0,1,0,0
广元市广播电视台,0,0,1,1,0,1,0,0,1,1,1,1,0,0,1,0,1,0,1
广发证券股份有限公司,0,0,2,2,0,2,0,0,2,2,2,2,0,0,1,0,0,0,2
广州云芯信息科技有限公司,1,0,1,1,0,1,0,0,1,1,1,1,0,0,0,0,1,0,0
广州亿涵信息技术有限公司,1,1,1,1,0,1,1,1,1,1,1,1,0,0,1,0,1,0,0
广州众帧科技有限公司,1,0,0,1,0,0,0,0,0,0,1,1,0,0,1,0,0,0,0
广州优胜汽车科技有限公司,0,0,1,1,0,1,0,0,0,1,1,1,0,0,0,0,1,0,0
广州佰源科技有限公司,0,0,0,1,0,1,0,0,1,1,1,1,0,0,0,0,1,0,0
广州几维信息科技有限公司,1,0,1,1,0,1,0,0,1,1,1,1,0,0,0,0,0,0,0
广州华多网络科技有限公司,0,0,2,2,0,1,0,0,2,2,2,2,0,0,1,0,2,0,0
广州卓动信息科技有限公司,0,0,0,1,0,1,0,0,0,1,1,1,0,0,0,0,1,0,0
广州南广文化传播有限公司,1,0,0,0,0,1,1,1,1,1,0,0,0,0,0,0,1,0,0
广州南馨网络科技有限公司,1,1,1,1,0,1,1,1,1,1,1,1,0,0,1,0,1,0,1
广州品唯软件有限公司,0,0,1,1,0,0,0,0,1,1,1,0,0,0,0,0,0,0,0
广州壹糖网络科技有限公司,0,0,0,1,0,1,0,0,1,1,1,1,0,0,0,0,0,0,0
广州大象之星网络科技有限公司,0,0,0,1,0,1,0,0,0,1,1,1,0,0,0,0,0,0,0
广州字言智语科技有限公司,0,0,0,1,0,1,0,0,0,0,1,1,0,0,0,0,1,0,0
广州安悦网络科技有限公司,0,0,1,1,0,1,0,0,0,0,1,1,0,0,0,0,1,0,1
广州小鹏汽车科技有限公司,0,0,1,1,0,1,0,0,1,1,1,1,0,0,0,0,1,0,0
广州市北昂科技有限公司,1,1,1,1,0,1,1,1,1,1,1,1,0,0,1,1,1,0,1
广州市晟毅阍次幕传媒有限公司,0,0,0,1,0,0,0,0,1,1,1,1,0,0,0,0,1,0,0
广州市番禺有线数字电视网络有限公司,1,0,1,1,0,1,0,0,1,1,1,1,0,0,0,0,0,0,1
广州市福袋生活信息科技有限公司,0,0,1,1,0,1,0,0,0,1,1,0,0,0,0,0,1,0,0
广州影游天下网络科技有限公司,1,0,1,1,0,1,0,0,1,1,1,1,0,0,1,1,0,0,0
广州悦停网络科技有限公司,0,0,1,1,0,1,0,0,0,1,1,1,0,0,1,0,1,0,0
广州慧享佳物联科技有限公司,1,0,1,1,0,1,0,0,1,1,1,1,0,0,0,0,1,0,1
广州探途网络技术有限公司,0,0,1,1,0,1,0,0,1,1,1,1,0,0,0,0,1,0,0
广州摩翼信息科技有限公司,0,0,1,1,0,1,0,0,1,1,1,0,0,0,1,0,1,0,0
广州文媒贸易有限公司,1,0,1,1,0,1,0,0,0,1,1,1,0,0,1,0,1,0,1
广州智品网络科技有限公司,2,2,2,2,0,2,0,0,2,0,2,2,0,0,2,2,0,0,0
广州智精灵科技有限公司,0,0,0,1,0,1,0,0,1,1,1,1,0,0,0,0,1,0,0
广州月欣贸易有限公司,0,0,1,1,0,1,0,0,1,1,1,1,0,0,0,0,1,0,0
广州牧云网络科技有限公司,1,0,1,1,0,1,0,0,1,1,1,1,0,0,1,0,1,0,0
广州糯米糍信息科技有限公司,0,0,1,1,0,1,0,0,1,1,1,1,0,0,0,0,1,0,0
广州网易计算机系统有限公司,0,0,1,1,0,1,0,0,1,1,1,1,0,0,0,0,0,0,0
广州美人信息技术有限公司,0,0,0,1,0,1,0,0,1,1,1,1,0,0,1,0,0,0,0
广州聚好玩信息科技有限公司,0,0,1,1,0,1,0,0,0,0,1,1,0,0,0,0,1,0,0
广州舜飞信息科技有限公司,0,0,0,1,0,0,0,0,0,0,1,1,0,0,0,0,0,0,0
广州花生日记网络科技有限公司,1,0,1,1,0,1,0,0,1,1,1,0,0,0,0,0,0,0,0
广州萌动信息科技有限公司,0,0,0,2,0,0,0,0,0,0,2,2,0,0,0,0,0,0,0
广州虎牙信息科技有限公司,0,0,1,1,0,1,0,0,1,1,1,1,0,0,0,0,1,0,0
广州衣神科技有限公司,0,0,0,1,0,0,0,0,0,1,1,1,0,0,0,0,0,0,0
广州视睿电子科技有限公司,1,0,0,1,0,0,0,0,1,1,1,1,0,0,1,0,1,0,0
广州讯飞易听说网络科技有限公司,0,0,0,1,0,0,0,0,0,0,1,0,0,0,0,0,0,0,0
广州趣多多信息科技有限公司,0,0,0,1,0,0,0,0,0,1,1,1,0,0,0,0,0,0,0
广州趣奇聚网络科技有限公司,0,0,0,1,0,1,0,0,0,1,1,1,0,0,0,0,1,0,0
广州轻阅网络科技有限公司,0,0,1,1,0,0,0,0,0,1,1,1,0,0,0,0,1,0,0
广州阿里巴巴文学信息技术有限公司,0,0,2,2,0,0,0,0,0,2,2,2,0,0,0,0,2,0,0
广州飞硕信息科技有限公司,0,0,1,1,0,1,0,0,1,1,1,1,0,0,0,0,1,0,1
广州黑箱网络科技有限公司,0,0,1,1,0,1,0,0,0,0,1,1,0,0,0,0,1,0,0
广平县达润贸易有限公司,0,0,0,1,0,1,0,0,0,0,1,1,0,0,0,0,0,0,0
广汇汽车服务有限责任公司堆龙分公司,0,0,1,1,0,1,0,0,0,1,1,1,0,0,0,0,1,0,1
广汽丰田汽车有限公司,1,0,1,1,0,1,0,0,1,1,0,1,0,0,1,0,1,0,1
广西城市便捷酒店管理有限公司,0,0,1,1,0,1,0,0,0,1,1,1,0,0,0,0,1,0,1
广西广播电视信息网络股份有限公司,0,0,1,1,0,1,0,0,0,1,1,1,0,0,0,0,1,0,0
广西手赚文化传媒有限公司,0,0,1,1,0,1,0,0,0,0,1,1,0,0,0,0,0,0,0
广西潮志信息科技有限公司,0,0,0,1,0,0,0,0,1,1,1,1,0,0,0,0,0,0,0
广西阿泰信息科技有限公司,0,0,0,1,0,0,0,0,0,1,1,1,0,0,0,0,0,0,1
开元泽通投资咨询（北京）有限公司,0,0,1,1,0,1,0,0,0,1,1,1,0,0,0,0,1,0,0
开封市捷忆思网络科技有限公司,0,0,0,1,0,0,0,0,0,0,1,1,0,0,0,0,0,0,0
当当数媒（武汉）电子商务有限公司,1,0,1,1,0,1,0,0,1,1,0,1,0,0,0,0,1,0,0
微极享（重庆）科技有限公司,0,0,1,1,0,1,0,0,0,1,1,1,0,0,0,0,0,0,1
微软移动联新互联网服务有限公司,0,0,1,1,0,1,0,0,1,1,1,1,0,0,1,0,0,0,1
微软（中国）有限公司,1,0,0,1,0,1,0,0,1,1,1,0,0,0,1,0,0,0,0
德施曼机电(中国)有限公司,1,0,1,1,0,1,0,0,1,1,1,1,0,0,0,1,1,0,1
想住科技（北京）有限公司,0,0,1,1,0,1,0,0,1,1,1,1,0,0,0,0,1,0,0
成都东方盛行电子有限责任公司,0,0,1,1,0,1,0,0,1,1,1,1,0,0,1,0,1,0,1
成都众银信息技术有限公司,1,0,0,1,0,1,0,0,1,1,1,1,0,0,1,1,1,0,1
成都优选仓科技有限公司,1,0,1,1,0,1,0,1,1,1,1,1,0,0,0,0,0,0,1
成都伶可文化传播有限公司,0,0,1,1,0,1,0,0,1,1,1,1,0,0,0,0,1,0,0
成都可比课科技有限公司,0,0,1,1,0,1,0,0,0,1,1,1,0,0,0,0,0,0,1
成都品果科技有限公司,0,0,1,3,0,0,0,0,0,1,2,0,0,0,0,0,0,0,0
成都市食品药品检验研究院（成都市医疗器械及药品包装材料检验所、成都市药品检验所、成都市食品安全监测预警数据中心）,0,0,0,1,0,0,0,0,1,1,1,1,0,0,0,0,0,0,1
成都恒图科技有限责任公司,0,0,0,1,0,0,0,0,0,1,1,1,0,0,0,0,0,0,0
成都沙丘猫科技有限公司,0,0,0,1,0,1,0,0,1,1,1,1,0,0,0,0,0,0,0
成都田田科技有限公司,0,1,0,2,0,2,0,0,1,2,2,2,0,0,0,0,0,0,0
成都空狐网络科技有限公司,1,0,1,1,0,1,0,0,1,1,1,1,0,0,1,0,1,0,0
成都舒适猫品牌运营有限公司,0,0,0,1,0,1,0,0,1,1,1,1,0,0,1,0,0,0,0
成都融特通信技术有限公司,0,0,1,1,0,1,0,0,1,1,1,1,0,0,0,0,1,0,0
成都超爱学习科技有限公司,0,0,1,0,0,0,0,0,1,1,0,1,0,0,0,0,1,0,0
成都路行通信息技术有限公司,0,0,1,1,0,1,0,0,1,1,1,1,0,0,0,0,1,0,0
成都途图乐科技有限公司,0,0,0,1,0,1,1,0,0,1,1,1,0,0,1,0,1,0,0
成都阅听科技有限公司,0,0,1,1,0,1,0,0,0,1,1,1,0,0,0,0,0,0,0
戴森科技发展（上海）有限公司,0,0,0,1,0,1,0,0,0,0,1,1,0,0,0,0,0,0,0
招商证券股份有限公司,0,1,1,1,0,1,1,1,1,1,1,1,0,0,0,0,1,0,0
掌阅科技股份有限公司,0,0,2,2,0,0,0,0,2,2,2,2,0,0,0,0,2,0,0
携程旅游网络技术（上海）有限公司,1,1,1,1,0,1,1,0,1,1,1,1,0,0,0,0,1,0,1
斑马网络技术有限公司,1,0,1,1,0,1,0,0,1,1,1,1,0,0,1,0,1,0,1
新浪网技术（中国）有限公司,4,0,4,4,0,2,0,0,4,4,4,4,0,0,3,1,3,0,0
新疆连线网络科技有限公司,1,1,1,1,0,1,1,0,1,1,1,1,0,0,1,0,1,0,0
新疆阔孜纳克信息科技有限公司,0,0,1,1,0,1,0,0,1,1,1,1,0,0,0,0,1,0,0
方正证券股份有限公司,0,0,1,1,0,1,0,0,1,1,1,1,0,0,0,0,1,0,1
旅悦旅游信息技术（北京）有限公司,1,0,1,1,0,1,0,0,0,1,1,1,0,0,1,0,1,0,1
无锡乐骐科技有限公司,0,0,2,3,0,0,0,0,3,3,3,2,0,0,0,0,2,0,0
无锡孜芽萍加邢薰司,0,0,0,1,0,1,0,0,0,0,1,1,0,0,0,0,0,0,0
无锡米谷文化传媒有限公司,0,0,0,1,0,0,0,0,0,1,1,1,0,0,0,0,0,0,0
无锡闪光点信息科技有限公司,0,0,0,1,0,1,0,0,1,1,1,1,0,0,0,0,1,0,0
无锡骏聿科技有限公司,0,0,1,2,0,2,0,0,2,2,2,2,0,0,0,0,1,0,0
昆山市费罗多咖啡有限公司,0,0,1,1,0,1,0,0,0,1,1,0,0,0,0,0,0,0,0
易界在线网络技术（北京）有限公司,0,0,0,1,0,0,0,0,1,0,1,1,0,0,0,0,0,0,0
星业（海南）科技有限公司,0,0,1,1,0,1,0,0,1,1,1,1,0,0,0,0,1,0,0
星潮信息技术（成都）有限公司,0,0,0,1,0,1,0,0,0,1,1,1,0,0,0,0,1,0,0
智家叁陆伍（深圳）物联网有限公司,1,0,1,1,0,1,0,0,1,1,1,0,0,0,1,1,1,0,0
智慧互通科技有限公司,0,0,1,1,0,1,0,0,1,1,1,1,0,0,0,0,1,0,0
智者四海（北京）技术有限公司,1,0,1,1,0,1,0,0,1,1,1,1,0,0,0,0,1,0,0
智顾时代（北京）科技有限公司,0,0,1,1,0,1,0,0,1,1,1,1,0,0,0,0,1,0,1
有我在（北京）网络科技有限公司,1,0,1,1,0,1,0,0,1,1,1,1,0,0,0,1,1,0,1
朝阳屹鸿电子商务有限公司,1,0,1,1,0,1,0,0,1,1,1,0,0,0,0,0,1,0,0
杭州一米米网络科技有限公司,0,0,0,1,0,1,0,0,0,0,1,1,0,0,0,0,0,0,0
杭州九言科技股份有限公司,1,0,1,1,0,1,0,0,1,1,1,1,0,0,1,0,1,0,0
杭州云月信息科技有限公司,0,0,1,2,0,2,0,0,2,2,2,2,0,0,0,0,2,0,0
杭州介海电子商务有限公司,0,0,1,1,0,1,0,0,0,1,1,1,0,0,0,0,1,0,0
杭州喵修科技有限公司,0,0,0,1,0,1,0,0,0,1,1,1,0,0,0,0,1,0,1
杭州嘉洁网络科技有限公司,0,0,1,1,0,1,0,0,1,1,1,1,0,0,0,0,0,0,0
杭州壹恩数字科技有限公司,0,0,0,1,0,1,0,0,0,1,1,1,0,0,0,0,1,0,0
杭州夏青贸易有限公司,0,1,1,1,0,1,0,0,1,1,1,1,0,0,0,0,1,0,1
杭州天沃互联网有限公司,0,0,0,1,0,1,0,0,0,0,1,1,0,0,0,0,0,0,0
杭州好一库网络科技有限公司,0,0,1,1,0,1,0,0,1,1,1,1,0,0,0,0,0,0,0
杭州彩诗票务服务有限公司,0,0,0,2,0,2,0,0,1,1,2,2,0,0,0,0,1,0,0
杭州微享科技有限公司,0,0,0,1,0,0,0,0,1,1,1,0,0,0,0,0,0,0,0
杭州怡阅科技有限公司,0,0,1,1,0,1,0,0,0,1,1,1,0,0,0,0,1,0,1
杭州恰途科技有限公司,0,1,0,1,0,1,0,0,0,0,1,1,0,0,0,0,1,0,0
杭州涂涂星信息科技有限公司,0,0,0,3,0,3,0,0,3,3,3,3,0,0,0,0,3,0,0
杭州淘粉吧网络技术股份有限公司,0,0,1,1,0,1,0,1,1,1,1,1,0,0,0,0,1,0,0
杭州深蓝睡眠科技有限公司,0,0,1,1,0,1,0,0,1,1,1,1,0,0,0,0,1,0,0
杭州湖雅月信息科技有限公司,0,0,1,5,0,5,0,0,4,4,5,5,0,0,1,0,4,0,0
杭州潘哒教育科技有限公司,0,0,1,1,0,0,0,0,1,1,1,1,0,0,0,0,1,0,0
杭州点纵网络科技有限公司,1,0,0,1,0,1,0,0,0,0,1,1,0,0,0,0,0,0,0
杭州牛师父信息科技有限公司,1,0,1,1,0,1,0,0,1,1,1,1,0,0,1,0,1,0,1
杭州狂想网络科技有限公司,0,0,1,1,0,0,0,0,1,1,1,1,0,0,0,0,1,0,0
杭州王耀网络科技有限公司,0,0,0,1,0,0,0,0,0,1,1,1,0,0,0,0,1,0,0
杭州甲虎科技有限公司,1,0,1,1,0,1,0,0,1,1,1,1,0,0,0,0,1,0,0
杭州益存科技有限公司,0,0,1,1,0,1,0,0,1,1,1,1,0,0,0,0,1,0,1
杭州知买科技有限公司,0,0,1,1,0,1,0,0,1,1,1,0,0,0,0,0,0,0,1
杭州短趣网络传媒技术有限公司,0,0,1,1,0,1,0,0,1,1,1,0,0,0,0,0,1,0,0
杭州磅礴科技有限公司,0,0,2,2,0,2,0,0,1,2,2,2,0,0,0,0,2,0,0
杭州秀秀科技有限公司,0,0,1,1,0,1,0,0,1,1,1,0,0,0,0,0,1,0,0
杭州粉象家科技有限公司,0,0,1,1,0,1,0,0,1,1,1,1,0,0,0,0,0,0,0
杭州网兰科技有限公司,0,1,1,1,0,1,1,0,1,1,1,1,0,0,0,0,1,0,0
杭州网厨投资管理合伙企业（有限合伙）,0,0,0,2,0,2,0,0,1,1,2,2,0,0,0,0,1,0,0
杭州网易雷火科技有限公司,0,0,1,2,0,1,0,0,1,1,2,2,0,0,1,0,0,0,0
杭州网期科技有限公司,0,0,1,1,0,1,0,0,0,1,1,1,0,0,0,0,0,0,0
杭州美逛信息科技有限公司,1,0,0,1,0,1,0,0,1,1,1,1,0,0,1,0,1,0,0
杭州群核信息技术有限公司,0,0,2,2,0,2,0,0,2,2,2,2,0,0,0,0,2,0,0
杭州老板电器股份有限公司,0,0,1,1,0,1,0,0,1,1,1,1,0,0,0,1,1,0,1
杭州聚合优量科技有限公司,0,0,0,1,0,1,0,0,0,1,1,1,0,0,0,0,0,0,0
杭州航恩电子商务有限公司,0,0,1,1,0,1,0,0,0,1,1,1,0,0,0,0,1,0,0
杭州艾狄墨搏数字科技有限公司,0,0,1,3,0,3,0,0,2,2,3,3,0,0,0,0,2,0,0
杭州菲助科技有限公司,1,0,2,2,0,2,0,0,2,2,2,2,0,0,0,0,2,0,0
杭州萌军网络科技有限公司,0,0,1,1,0,0,0,0,0,1,1,1,0,0,0,0,1,0,0
杭州蓝脑教育科技有限公司,0,0,1,1,0,0,0,0,1,1,1,1,0,0,0,0,0,0,0
杭州虎刺怕网络科技有限公司,0,0,1,1,0,1,0,0,1,1,1,1,0,0,0,0,0,0,0
杭州赛脑智能控制技术有限公司,1,0,1,1,0,1,0,0,0,0,1,1,0,0,0,0,1,0,0
杭州达则科技有限公司,0,0,1,1,0,1,0,0,0,1,1,0,0,0,0,0,1,0,1
杭州铕璨网络科技有限公司,1,0,0,1,0,1,0,0,0,1,1,1,0,0,0,0,1,0,0
杭州魔厨科技有限公司,0,0,2,7,0,7,0,0,7,7,7,7,0,0,1,0,7,0,0
松立控股集团股份有限公司,0,0,1,1,0,1,0,0,1,1,1,1,0,0,0,0,1,0,0
枝星科技发展（上海）有限公司,1,0,1,1,0,1,0,0,1,1,1,1,0,0,0,0,1,0,0
格林豪泰酒店（中国）有限公司,0,0,0,1,0,1,0,0,0,1,1,1,0,0,0,0,1,0,1
桂林市千幻网络科技有限公司,0,0,1,1,0,1,0,0,0,1,1,1,0,0,0,0,0,0,0
梁忠鹏,0,0,0,1,0,1,0,0,0,1,1,1,0,0,0,0,1,0,0
梅州小白科技有限责任公司,0,0,0,1,0,1,0,0,1,1,1,1,0,0,1,0,0,0,0
梅赛德斯－奔驰（中国）汽车销售有限公司,0,0,0,1,0,1,0,0,0,1,1,1,0,0,0,0,0,0,1
森梅医疗科技（重庆）有限公司,1,0,0,1,0,1,0,0,1,1,1,1,0,0,0,0,1,0,0
武汉光谷联合集团有限公司,0,0,1,1,0,1,0,0,1,1,1,1,0,0,0,0,1,0,0
武汉华中时讯科技有限责任公司,1,0,1,1,0,1,0,0,1,1,1,1,0,0,1,0,1,0,0
武汉卡比特信息有限公司,2,2,2,2,0,2,2,2,2,2,2,2,0,0,2,0,2,0,2
武汉奇米网络科技有限公司,1,0,1,1,0,1,0,0,1,1,1,1,0,0,1,0,1,0,1
武汉岚晨网络科技有限公司,0,0,1,1,0,1,0,0,1,1,1,1,0,0,0,0,1,0,0
武汉市尚蓝科技有限公司,1,0,1,1,0,1,0,0,1,1,1,1,0,0,1,0,1,0,1
武汉指尖趣阅科技发展有限公司,0,0,0,1,0,1,0,0,1,1,1,1,0,0,0,0,1,0,0
武汉晟米信息技术有限公司,0,0,0,1,0,1,0,0,1,1,1,1,0,0,0,0,1,0,0
武汉机游科技有限公司,1,0,1,1,0,1,0,0,1,1,1,1,0,0,0,0,0,0,0
武汉滢澈斐然科技有限公司,0,0,0,1,0,1,0,0,1,1,1,1,0,0,0,0,1,0,0
武汉璇瑞智佳装饰装修设计工程有限公司,0,0,1,1,0,1,0,0,1,1,1,1,0,0,0,0,1,0,0
武汉网幂科技有限公司,0,0,0,3,0,0,0,0,0,3,3,3,0,0,0,0,0,0,0
武汉美之修行信息科技有限公司,0,0,1,1,0,1,0,0,1,1,1,1,0,0,0,0,1,0,1
武汉诸相网络科技有限公司,0,0,1,1,0,1,0,0,0,1,1,1,0,0,0,0,1,0,0
武汉速诺科技有限公司,0,0,1,0,0,0,0,0,0,0,0,1,0,0,0,0,0,0,0
武汉默契科技有限公司,0,0,1,1,0,1,0,0,0,1,1,1,0,0,0,0,0,0,0
水印科技（深圳）有限公司,0,0,1,1,0,1,0,0,0,0,1,1,0,0,0,0,0,0,0
永州市广播电视台,0,0,1,1,0,1,0,0,1,1,1,1,0,0,1,0,1,0,0
江华瑶族自治县广播电视台,0,0,0,1,0,1,0,1,0,1,1,1,0,0,1,0,1,0,1
江曲投资咨询（上海）有限公司,0,0,0,1,0,0,0,0,1,1,1,1,0,0,0,0,0,0,1
江苏万帮充电设备有限公司,1,0,1,1,0,1,0,0,1,1,1,1,0,0,1,0,1,0,1
江苏九维信息科技有限公司,0,0,1,1,0,1,0,0,0,0,1,1,0,0,0,0,1,0,0
江苏布点网络技术有限公司,1,0,0,1,0,1,0,0,0,1,1,1,0,0,0,1,1,0,0
江苏春虹互联网有限公司,1,1,1,1,0,1,1,0,1,1,1,1,0,0,0,0,1,0,1
江苏浩云航联网络科技有限公司,0,0,0,1,0,0,0,0,0,1,1,1,0,0,1,0,1,0,1
江苏爱袋网络科技有限公司,0,0,1,1,0,0,0,0,1,1,1,1,0,0,1,0,1,0,0
江苏物润船联网络股份有限公司,0,0,0,1,0,1,0,0,0,1,1,1,0,0,1,0,0,0,0
江苏省广电有线信息网络股份有限公司苏州分公司,0,0,1,1,0,1,0,0,1,1,1,1,0,0,0,0,1,0,0
江苏艾佳家居用品有限公司,1,1,1,1,0,1,1,0,1,1,1,1,0,0,1,1,1,0,1
江苏通行宝智慧交通科技股份有限公司,0,0,1,1,0,1,0,0,1,1,1,1,0,0,0,0,1,0,0
江西博瑞彤芸科技有限公司,1,0,1,1,0,1,0,0,1,1,1,1,0,0,0,0,1,1,1
江西省广播电视网络传输有限公司,1,0,1,1,0,1,0,0,1,1,1,1,0,0,0,0,0,0,1
江西自家网络科技有限公司,1,1,0,1,0,1,1,1,1,1,1,1,0,0,1,1,1,0,1
江西辰嵘网络科技有限公司,0,0,0,1,0,0,0,0,1,0,1,1,0,0,0,0,0,0,0
沁阳市珍阅科技有限公司,0,0,1,1,0,1,0,0,1,1,1,1,0,0,0,0,1,0,1
沁阳聚视网络科技有限公司,0,0,1,1,0,1,0,1,1,1,1,1,0,0,1,0,1,0,0
沈阳美嘉信息科技股份有限公司,0,0,1,1,0,1,0,0,1,1,1,1,0,0,0,0,1,0,1
沪江教育科技（上海）股份有限公司,0,0,1,1,0,0,0,0,1,1,1,1,0,0,0,0,0,0,0
河南凝紫电子科技有限公司,1,0,1,1,0,1,0,0,0,1,1,1,0,0,0,1,1,1,1
河南大象融媒体技术有限公司,0,0,1,1,0,1,0,0,1,1,1,1,0,0,0,0,1,0,0
河南广播电视台,1,0,1,1,0,1,0,0,1,1,1,1,0,0,0,0,1,0,0
泉州兴邦信息传播有限公司,1,0,1,1,0,1,0,0,1,1,1,1,0,0,1,0,1,0,1
泉州紫罗兰贸易有限公司,0,0,0,1,0,1,0,0,0,0,1,1,0,0,0,0,0,0,0
泸州市电视台,0,0,1,1,0,1,0,0,1,1,1,1,0,0,0,0,1,0,1
济南渔乐在线信息技术有限公司,0,0,1,1,0,1,0,0,1,1,1,1,0,0,0,0,1,0,0
济宁图阅信息科技有限公司,0,0,0,1,0,1,0,0,0,0,1,1,0,0,0,0,0,0,0
浙江云淘联商信息技术有限公司,1,0,1,1,0,1,0,0,1,1,1,1,0,0,0,0,1,0,0
浙江天猫技术有限公司,0,0,1,1,0,1,0,0,0,1,1,1,0,0,0,0,0,0,0
浙江开元酒店管理有限公司,0,0,0,1,0,1,0,0,0,1,1,1,0,0,0,0,1,0,1
浙江新盘果信息技术有限公司,0,0,0,1,0,1,0,0,0,1,1,1,0,0,0,0,0,0,0
浙江新蓝网络传媒有限公司,0,0,0,1,0,1,0,0,1,1,1,1,0,0,0,0,1,0,0
浙江春风动力股份有限公司,0,0,0,1,0,1,0,0,1,1,1,1,0,0,0,0,1,0,1
浙江核新同花顺网络信息股份有限公司,0,0,2,2,0,2,0,0,2,2,2,2,0,0,0,0,2,0,0
浙江水月清华酒店管理有限公司,0,0,1,1,0,1,0,0,1,1,1,1,0,0,0,0,0,0,0
浙江爱充网络科技有限公司,0,0,0,1,0,1,0,0,1,1,1,1,0,0,0,0,1,0,1
浙江绍兴苏泊尔生活电器有限公司,0,0,1,1,0,1,0,0,1,1,1,1,0,0,0,0,1,0,1
海南喵咖网络科技有限公司,0,0,1,1,0,0,0,0,0,1,1,1,0,0,0,0,1,0,0
海南大圣娱乐有限公司,1,0,1,1,0,1,0,0,1,1,1,1,0,0,0,0,1,0,0
海南头角信息科技有限公司,1,0,1,1,0,1,0,0,1,1,1,1,0,0,1,0,1,0,1
海南悦动网络科技有限公司,0,0,0,1,0,0,0,0,0,1,1,1,0,0,0,0,0,0,0
海南正气文化传播有限公司,0,0,0,1,0,0,0,0,1,1,1,1,0,0,0,0,0,0,0
海南畅音网络技术有限公司,0,0,1,1,0,1,0,0,1,1,1,1,0,0,0,0,1,0,0
海南花生教育科技有限公司,0,0,0,1,0,1,0,0,1,1,1,1,0,0,1,0,0,0,0
海南藏族自治州藏文信息技术研究中心,0,0,0,1,0,0,0,0,1,0,1,1,0,0,0,0,0,0,0
海南长留网络科技有限公司,0,0,0,2,0,1,0,0,0,0,2,2,0,0,0,0,0,0,0
海南风泽科技有限公司,0,0,1,1,0,1,0,0,0,1,1,1,0,0,0,0,1,0,0
海通证券股份有限公司,0,0,1,1,0,1,0,0,1,1,1,1,0,0,0,0,1,0,1
涂亚锋,0,0,0,1,0,0,0,0,0,0,1,0,0,0,0,0,0,0,0
淘宝（中国）软件有限公司,3,0,5,5,0,5,0,0,4,5,5,5,0,0,2,1,4,0,2
深圳上翼技术有限公司,0,0,0,1,0,0,0,0,0,1,1,1,0,0,0,0,0,0,0
深圳乡里云网络科技有限公司,0,0,1,1,0,0,0,0,0,0,1,1,0,0,0,0,0,0,0
深圳仲友科技有限公司,1,0,1,1,0,1,0,0,1,1,1,1,0,0,0,0,1,0,1
深圳众海诚信息咨询服务有限公司,1,0,1,1,0,1,0,0,1,1,1,1,0,0,0,0,0,0,0
深圳叮叮易建网络科技有限公司,1,0,1,1,0,1,0,0,1,1,1,1,0,0,0,0,1,0,1
深圳和而泰家居在线网络科技有限公司,0,0,1,1,0,1,0,0,1,1,1,1,0,0,0,0,1,0,1
深圳品网科技有限公司,0,0,0,1,0,1,0,0,0,0,1,1,0,0,0,0,0,0,0
深圳大动静科技有限公司,0,0,0,1,0,0,0,0,0,0,1,1,0,0,0,0,0,0,0
深圳奇妙能力科技有限公司,0,0,0,1,0,1,0,0,1,1,1,1,0,0,1,0,1,0,0
深圳安诺盛科技有限公司,0,1,0,1,0,1,1,1,0,0,1,1,0,0,1,0,1,0,0
深圳宜搜天下科技股份有限公司,0,0,1,1,0,0,0,0,0,0,1,1,0,0,0,0,1,0,0
深圳市两步路信息技术有限公司,1,0,1,1,0,1,0,0,1,1,1,1,0,0,0,0,1,0,0
深圳市中企工联保家电服务有限公司,0,0,1,1,0,1,0,0,0,1,1,1,0,0,1,0,1,0,1
深圳市中科信通信息技术有限公司,0,0,1,1,0,1,0,0,0,0,1,1,0,0,0,0,1,0,0
深圳市乐语谜科技有限公司,0,0,0,1,0,0,0,0,1,1,1,0,0,0,0,0,0,0,0
深圳市乡导科技有限公司,0,0,1,1,0,1,0,0,1,1,1,1,0,0,0,0,1,0,0
深圳市伊爱高新技术开发有限公司,1,0,0,0,0,1,0,0,0,0,0,0,0,0,0,0,1,0,0
深圳市优乐学科技有限公司,0,0,1,1,0,0,0,0,1,1,1,1,0,0,0,0,1,0,0
深圳市元道通信技术有限公司,0,0,1,1,0,1,0,0,1,1,1,1,0,0,0,0,1,0,0
深圳市凯立德欣软件技术有限公司,2,0,2,2,0,2,0,2,2,2,2,2,0,0,2,0,2,0,2
深圳市分毫科技有限公司,1,0,1,1,0,1,0,0,1,1,1,1,0,0,0,0,1,0,0
深圳市前海亿车科技有限公司,1,0,1,1,0,1,0,0,0,1,1,1,0,0,0,0,1,0,0
深圳市北街网络科技有限公司,0,0,0,1,0,1,0,0,1,1,1,1,0,0,0,0,1,0,0
深圳市卓利普科技有限公司,0,0,1,1,0,1,0,0,1,1,1,1,0,0,0,0,1,0,1
深圳市博实结科技有限公司,0,0,1,1,0,1,0,0,0,0,1,1,0,0,0,0,1,0,1
深圳市唯美会科技有限公司,0,0,1,1,0,1,0,0,1,1,1,1,0,0,0,0,0,0,1
深圳市圣锋科技有限公司,0,0,1,1,0,1,0,0,0,0,1,1,0,0,0,0,1,0,0
深圳市大拿科技有限公司,0,0,1,1,0,1,0,0,1,1,1,1,0,0,0,0,1,0,0
深圳市天美意科技有限公司,0,0,1,1,0,1,0,0,0,1,1,1,0,0,0,0,1,0,0
深圳市安骋科技有限公司,1,0,1,1,0,1,0,0,1,1,1,1,0,0,0,1,1,0,1
深圳市富途网络科技有限公司,0,0,1,1,0,0,0,0,1,1,1,1,0,0,0,0,1,0,0
深圳市左右手家居网络科技有限公司,1,0,1,1,0,1,0,0,1,1,1,1,0,0,1,0,1,0,1
深圳市应用多多视讯科技有限公司,0,0,1,1,0,1,0,0,1,1,1,1,0,0,0,0,0,0,0
深圳市彩娱互动科技有限公司,1,0,1,1,0,1,0,0,1,1,1,1,0,0,0,0,1,0,0
深圳市彬讯科技有限公司,0,0,3,3,0,3,0,0,1,3,3,3,0,0,1,0,2,0,3
深圳市恒创永弘文化传媒有限公司,0,0,1,1,0,1,0,0,0,1,1,1,0,0,0,0,0,0,0
深圳市恩意达科技有限公司,0,0,0,1,0,1,0,0,0,0,1,1,0,0,0,0,0,0,1
深圳市感知网络有限公司,0,0,0,1,0,1,0,0,0,1,1,1,0,0,0,0,0,0,0
深圳市掌捷科技有限公司,0,0,1,1,0,1,0,0,0,0,1,1,0,0,0,0,0,0,0
深圳市排排网投资管理股份有限公司,1,0,1,1,0,1,0,0,1,1,1,1,0,0,1,0,1,0,1
深圳市新红点科技有限公司,1,0,0,1,0,1,0,0,1,1,1,1,0,0,0,0,0,0,0
深圳市方直科技股份有限公司,0,0,2,2,0,2,0,0,2,0,2,0,0,0,0,0,0,0,0
深圳市方贝科技有限公司,0,0,0,1,0,1,0,0,0,1,1,1,0,0,0,0,0,0,0
深圳市昌盛昌科技有限公司,0,0,0,1,0,1,0,0,1,1,1,1,0,0,0,0,0,0,0
深圳市星硕互娱科技有限公司,0,0,1,1,0,1,0,0,1,1,1,1,0,0,0,0,1,0,0
深圳市智心文化传播有限公司,0,0,1,1,0,1,0,0,1,0,1,1,0,0,0,0,1,0,0
深圳市有信网络技术有限公司,0,1,1,1,0,1,0,0,1,1,1,1,0,0,0,0,1,0,0
深圳市棋润科技有限公司,0,0,0,1,0,1,0,0,0,0,1,1,0,0,0,0,0,0,0
深圳市满意一百管理咨询有限公司,1,0,0,1,0,0,0,0,0,0,1,1,0,0,0,1,0,1,1
深圳市灸大夫医疗科技有限公司,1,0,1,1,0,1,0,0,1,1,1,1,0,0,0,0,1,0,1
深圳市炬力北方微电子有限公司,0,0,0,0,0,1,0,0,0,1,0,0,0,0,0,0,0,0,0
深圳市点嘀互联网络有限公司,1,1,2,2,0,2,0,0,2,2,2,2,0,0,0,0,2,0,1
深圳市爱保护科技有限公司,1,1,0,1,0,1,0,0,0,1,1,1,0,0,0,0,0,0,0
深圳市爱豆网络技术有限公司,0,0,1,1,0,1,0,0,1,1,1,1,0,0,0,0,1,0,0
深圳市琊明兆科技有限公司,0,0,1,1,0,1,0,0,1,1,1,1,0,0,0,0,1,0,0
深圳市第五空间网络科技有限公司,0,0,1,1,0,1,0,0,1,1,1,1,0,0,0,0,1,0,1
深圳市统掌科技有限公司,1,0,0,1,0,1,0,0,0,0,1,1,0,0,1,0,1,0,0
深圳市聚乾科技开发有限公司,1,0,0,1,0,1,0,0,0,0,1,1,0,0,0,0,1,0,0
深圳市聚云网络科技有限公司,0,0,1,1,0,1,0,0,0,0,1,1,0,0,0,0,1,0,0
深圳市腾讯计算机系统有限公司,0,1,4,4,0,4,0,1,4,4,4,4,0,0,0,0,4,0,0
深圳市谷米科技有限公司,0,0,1,1,0,1,0,0,0,1,1,1,0,0,0,0,1,0,1
深圳市货车宝科技有限公司,0,1,1,1,0,1,0,1,1,1,1,0,0,0,0,0,1,0,1
深圳市车电网络有限公司,0,0,0,1,0,1,0,0,0,1,1,1,0,0,0,0,1,0,0
深圳市达实康科技有限公司,0,0,1,1,0,1,0,0,1,1,1,1,0,0,0,1,1,0,0
深圳市迷你玩科技有限公司,0,0,1,1,0,1,0,0,1,1,1,1,0,0,0,0,1,0,1
深圳市速联星空科技有限公司,0,0,1,1,0,1,0,0,1,1,1,1,0,0,0,1,1,0,1
深圳市道路交通管理事务中心,0,0,0,1,0,1,0,0,0,1,1,0,0,0,0,0,0,0,0
深圳市金版文化发展有限公司,0,0,0,2,0,0,0,0,0,2,2,1,0,0,0,0,2,0,0
深圳市锐思酷科技有限公司,0,0,1,1,0,1,0,0,1,1,1,1,0,0,0,1,1,0,1
深圳市镇店科技有限公司,0,0,1,1,0,1,0,0,1,1,1,1,0,0,0,0,1,0,0
深圳市阿卡索资讯股份有限公司,0,0,5,5,0,0,0,0,5,5,5,5,0,0,0,0,5,0,1
深圳市青芒果信息技术咨询有限公司,0,0,2,2,0,2,0,1,0,1,2,2,0,0,0,0,2,0,2
深圳市顺恒融丰投资有限公司,1,1,1,1,0,1,0,0,1,1,1,1,0,0,1,1,1,0,1
深圳市龙岗区恒业网络科技工作室,0,0,1,1,0,1,0,0,1,1,1,0,0,0,0,0,0,0,0
深圳微雨晨科技有限公司,0,0,1,1,0,1,0,0,0,0,1,1,0,0,0,0,1,0,0
深圳心慧科技有限公司,0,0,1,1,0,1,0,0,1,1,1,1,0,0,1,0,0,0,0
深圳成子科技有限公司,0,0,1,1,0,0,0,0,0,1,1,0,0,0,0,0,0,0,0
深圳指芯智能科技有限公司,0,0,1,1,0,1,0,0,0,1,1,1,0,0,0,0,1,0,0
深圳无觅科技有限公司,1,0,0,1,0,1,0,0,1,1,1,1,0,0,0,0,0,0,0
深圳智裳科技有限公司,1,1,1,1,0,1,1,0,1,1,1,1,0,0,0,0,1,0,0
深圳毓金智慧科技有限公司,0,0,0,1,0,1,0,0,0,1,1,1,0,0,0,0,0,0,0
深圳焦响百视视讯科技有限公司,0,0,2,2,0,2,0,0,2,2,2,2,0,0,1,0,2,0,0
深圳爱订房科技有限公司,1,1,1,1,0,1,1,1,1,1,1,1,0,0,1,1,1,1,1
深圳碉堡互动娱乐有限公司,0,0,1,1,0,1,0,0,0,1,1,1,0,0,1,0,1,0,0
深圳纸链科技有限公司,0,0,0,1,0,0,0,0,1,1,1,1,0,0,0,0,0,0,0
深圳绿米联创科技有限公司,1,0,1,1,0,1,0,0,1,1,1,1,0,0,1,0,1,0,0
深圳考拉互动科技有限公司,0,0,0,1,0,0,0,0,0,1,1,1,0,0,0,0,0,0,0
深圳西瓜影音科技有限公司,0,0,0,1,0,1,0,0,0,0,1,1,0,0,0,0,0,0,1
深圳谨启科技有限公司,0,0,1,1,0,0,0,0,1,1,1,1,0,0,0,0,1,0,0
深圳酷宅科技有限公司,0,0,1,1,0,1,0,0,1,1,1,0,0,0,0,0,1,0,0
深圳链条科技有限公司,0,0,1,1,0,1,0,0,0,0,1,1,0,0,0,0,1,0,0
深圳雾芯科技有限公司,0,0,1,1,0,1,0,0,1,1,1,1,0,0,0,0,1,0,0
深圳静读信息技术有限公司,0,0,0,1,0,1,0,0,0,0,1,1,0,0,0,0,0,0,0
清远墨墨教育科技有限公司,0,0,0,1,0,0,0,0,1,0,1,0,0,0,0,0,0,0,0
温州岳翔信息科技有限公司,0,0,0,1,0,1,0,0,0,1,1,1,0,0,0,0,0,0,1
温州市迅驰数码科技有限公司,0,0,1,1,0,0,0,0,0,0,1,1,0,0,0,0,1,0,0
湖北五个叶子蕲艾有限公司,0,0,0,0,0,0,0,0,0,0,0,0,0,0,0,0,1,0,0
湖北天聚汇信科技发展有限公司,0,0,1,1,0,1,0,0,1,1,1,1,0,0,0,0,1,0,0
湖南中泰智本网络科技有限公司,0,0,1,1,0,1,0,0,1,1,1,1,0,0,0,0,1,0,1
湖南快乐阳光互动娱乐传媒有限公司,0,0,1,1,0,1,0,0,1,1,1,1,0,0,1,0,1,0,1
湖南桑德无线科技有限公司,0,0,0,1,0,1,0,0,0,1,1,1,0,0,0,0,1,0,1
湖南省高速公路监控中心,1,1,1,1,0,1,1,0,1,1,1,1,0,0,1,0,1,0,1
湖南高佳网络信息有限公司,0,0,1,1,0,1,0,0,1,1,1,1,0,0,0,0,1,0,1
湖州百驴旅游科技有限公司,1,0,0,1,0,1,0,0,0,1,1,1,0,0,1,1,1,0,1
潍坊爱陪爱信息科技有限公司,0,0,0,1,0,1,0,0,0,0,1,1,0,0,0,0,0,0,0
瀚逸酒店管理（上海）有限公司,0,0,0,1,0,1,0,0,0,1,1,1,0,0,1,0,1,0,1
烟台巅峰网络科技有限公司,0,0,1,1,0,1,0,0,1,1,1,1,0,0,0,0,1,0,0
爱保科技（北京）有限公司,0,0,1,1,0,1,0,0,0,1,1,1,0,0,0,0,1,0,1
爱空间科技（北京）有限公司,0,0,1,1,0,1,0,0,1,1,1,1,0,0,1,0,1,0,1
爱语言（北京）科技有限公司,1,3,1,3,0,3,3,1,3,3,3,3,0,0,3,0,1,0,1
王力安防产品有限公司杭州分公司,0,0,1,1,0,1,0,0,1,1,1,1,0,0,0,0,1,0,0
王海青,0,0,0,1,0,0,0,0,0,0,1,0,0,0,0,0,0,0,0
玫琳凯（中国）有限公司,0,0,0,1,0,1,0,0,1,1,1,1,0,0,0,0,1,0,1
珠海创嗨新网络科技有限公司,0,0,1,1,0,1,0,0,1,1,1,1,0,0,1,0,1,0,0
珠海星动技术咨询有限公司,0,0,1,2,0,2,0,0,2,2,2,2,0,0,1,0,1,0,0
珠海民宿宝网络科技有限公司,0,0,1,1,0,1,0,0,1,1,1,1,0,0,0,0,1,0,0
珠海金山办公软件有限公司,0,0,1,1,0,0,0,0,1,1,1,0,0,0,1,0,0,0,0
甘肃省高速公路交通调度指挥总中心,0,1,1,1,0,1,0,1,1,1,1,1,0,0,1,0,1,0,1
百安居（中国）投资有限公司,0,0,1,1,0,1,0,0,1,1,1,1,0,0,1,0,1,0,1
百川（深圳）健康科技有限公司,0,0,1,1,0,1,0,0,1,1,1,1,0,0,0,0,1,0,0
百度云计算技术（北京）有限公司,2,0,3,3,0,3,0,0,3,3,3,3,0,0,2,1,3,0,1
百度国际科技（深圳）有限公司,0,0,0,1,0,0,0,0,1,0,1,0,0,0,0,0,0,0,0
百度在线网络技术（北京）有限公司,4,1,4,4,0,4,2,2,4,4,4,4,0,0,1,0,4,0,1
益盟股份有限公司,2,0,2,2,0,2,2,2,2,2,2,2,0,0,0,2,2,0,2
盐城和派商务信息咨询有限公司,0,0,1,1,0,1,0,0,1,1,1,1,0,0,0,0,1,0,0
盐城城投智能停车场建设管理有限公司,0,0,0,1,0,1,1,1,1,1,1,1,0,0,0,0,0,0,1
直订网网络科技（北京）有限公司,0,0,1,1,0,1,0,0,1,1,1,1,0,0,0,0,1,0,1
石家庄爱泊车科技有限公司,0,0,1,1,0,1,0,0,1,1,1,1,0,0,0,0,1,0,0
碧波庭贸易（上海）有限公司,0,0,1,1,0,1,0,0,0,1,1,1,0,0,0,0,1,0,0
福州市台江旭康信息技术有限公司,0,0,1,1,0,1,0,0,0,1,1,1,0,0,0,0,0,0,1
福州市麦田阳光文化传播有限公司,0,0,0,1,0,0,0,0,0,0,1,1,0,0,0,0,0,0,0
福州来玩互娱网络科技有限公司,0,0,0,1,0,1,0,0,0,0,1,1,0,0,0,0,0,0,0
福州轻松玩网络科技有限公司,0,0,0,1,0,0,0,0,0,0,1,1,0,0,0,0,1,0,0
福建华威易行通旅运有限公司,0,0,1,1,0,1,0,0,1,1,1,1,0,0,0,0,1,0,0
福建微商联网络科技有限公司,0,0,1,1,0,1,0,0,0,1,1,1,0,0,0,0,1,0,0
福建皮皮跳动科技有限公司,0,0,1,1,0,1,0,0,1,1,1,1,0,0,0,0,0,0,0
福建省高速公路信息科技有限公司,1,1,1,1,0,1,1,0,1,1,1,1,0,0,1,0,1,0,1
福易来(上海)网络科技有限公司,1,0,0,1,0,1,0,0,1,1,1,1,0,0,1,1,1,0,1
福鼎市众人网络科技有限公司,0,0,0,1,0,1,0,0,0,0,1,1,0,0,0,0,0,0,0
福鼎市扬创网络科技有限公司,0,0,0,1,0,1,0,0,0,0,1,1,0,0,0,0,0,0,0
科大讯飞股份有限公司,1,0,1,1,0,1,0,0,1,1,1,1,0,0,0,0,0,0,0
秦皇岛市路人说网络技术服务有限公司,0,0,0,1,0,1,0,0,1,1,1,0,0,0,0,0,0,0,0
维也纳酒店有限公司,1,0,1,1,0,1,0,0,0,0,1,1,0,0,0,0,1,0,0
维箴科技（北京）有限公司,0,0,1,1,0,0,0,0,1,1,1,1,0,0,0,0,0,0,0
网家科技有限责任公司,0,1,0,2,0,2,0,0,0,2,2,2,0,0,0,0,0,0,0
网易有道信息技术（北京）有限公司,0,0,2,2,0,1,0,0,2,2,2,2,0,0,0,0,1,0,1
网易（杭州）网络有限公司,0,0,1,1,0,1,0,0,1,1,1,1,0,0,0,0,1,0,0
网际傲游（北京）科技有限公司,0,0,1,1,0,1,0,0,1,1,1,1,0,0,0,0,1,0,0
美迅科技（北京）有限公司,1,0,1,1,0,0,0,0,1,1,1,1,0,0,1,0,1,0,1
聊城市万众云商网络科技有限公司,0,0,1,1,0,1,0,0,1,1,1,1,0,0,0,0,1,0,1
联掌门户网络科技有限公司,1,1,1,1,0,1,0,0,1,1,1,1,0,0,1,1,1,0,1
联通在线信息科技有限公司,0,0,1,1,0,1,0,0,1,1,1,1,0,0,0,0,1,0,1
聚越信息技术（上海）有限公司,1,0,1,1,0,1,0,0,1,1,1,1,0,0,0,0,1,0,0
肖文华,0,0,0,1,0,0,0,0,0,0,1,0,0,0,0,0,0,0,0
腾讯科技（上海）有限公司,0,0,0,1,0,1,0,0,1,1,1,1,0,0,0,0,0,0,0
腾讯科技（北京）有限公司,1,1,3,4,0,3,0,0,4,3,4,4,0,0,0,0,4,0,0
腾讯科技（深圳）有限公司,1,0,3,3,0,2,0,0,3,3,3,3,0,0,0,0,3,0,0
腾讯科技（深圳）有限公司广州分公司,0,0,1,1,0,0,0,0,1,1,1,1,0,0,1,0,1,0,0
臻坤生物科技（苏州）有限公司,0,0,1,1,0,1,0,0,0,1,1,1,0,0,0,0,0,0,1
舒睿贝蒙经济信息咨询（上海）有限公司,0,0,1,1,0,1,0,0,0,1,1,1,0,0,0,0,1,0,0
艺恩世纪国际信息咨询（北京）有限公司,0,0,0,1,0,1,0,0,1,1,1,1,0,0,1,0,0,0,1
艺龙信息技术（合肥）有限公司,0,0,1,1,0,1,0,0,0,0,1,1,0,0,0,0,1,0,1
艺龙网信息技术（北京）有限公司,2,0,1,2,0,2,0,0,2,2,2,2,0,0,1,0,1,0,0
苏州云网通信息科技有限公司,1,0,1,1,0,1,0,0,0,1,1,1,0,0,0,0,1,0,1
苏州图说科技有限公司,0,0,1,1,0,0,0,0,1,1,1,1,0,0,0,0,0,0,0
苏州天宫信息技术有限公司,1,0,1,1,0,1,0,0,1,1,1,1,0,0,1,0,1,0,1
苏州小块头网络科技有限公司,0,0,0,1,0,0,0,0,0,1,1,1,0,0,0,0,0,0,0
苏州摩多多信息科技有限公司,0,0,1,1,0,1,0,0,1,1,1,1,0,0,1,0,1,0,1
苏州普物科技有限公司,0,0,1,1,0,0,0,0,1,1,1,0,0,0,0,0,0,0,0
苏州畅微信息科技有限公司,0,0,1,1,0,1,0,0,1,1,1,1,0,0,0,0,1,0,1
苏州西顿家用自动化有限公司,0,0,0,1,0,1,0,0,0,1,1,1,0,0,0,0,0,0,0
苏州青雾网络科技有限公司,0,0,0,1,0,0,0,0,0,1,1,1,0,0,0,0,0,0,0
苏州魅游网络科技有限公司,0,0,1,1,0,1,0,0,1,1,1,1,0,0,0,0,0,0,0
茂名泰威华网络科技有限公司,0,0,0,1,0,0,0,0,0,1,1,1,0,0,0,0,0,0,0
荣视德科技（上海）有限公司,0,0,1,1,0,1,0,0,1,1,1,1,0,0,0,0,0,0,0
莆田开心神州信息科技有限公司,1,0,1,1,0,1,0,0,1,1,1,1,0,0,1,1,0,0,1
蒋伟,1,0,1,1,0,1,0,0,1,1,1,1,0,0,0,0,1,0,0
蜂鸟有享,0,0,0,1,0,1,0,0,1,1,1,1,0,0,0,0,1,0,1
蜜拓蜜大健康管理有限公司,0,0,1,1,0,1,0,0,1,1,1,1,0,0,0,0,1,0,1
行吟信息科技（上海）有限公司,1,0,1,1,0,1,0,0,1,1,1,1,0,0,1,0,1,0,0
西安创客村电子商务有限责任公司,0,0,1,1,0,1,0,0,1,1,1,1,0,0,1,0,1,0,1
西安怡安源电子科技有限公司,0,0,0,1,0,1,0,0,0,0,1,1,0,0,0,0,0,0,0
西安悦维联动科技有限公司,0,0,0,1,0,1,0,0,0,1,1,1,0,0,0,0,0,0,1
西安诚优网络科技有限责任公司,0,0,0,1,0,1,0,0,0,1,1,1,0,0,0,0,0,0,0
西安高分学视数字技术有限公司,0,0,0,1,0,1,0,0,0,0,1,1,0,0,0,0,1,0,0
观致汽车有限公司,1,0,0,1,0,1,0,0,1,1,1,1,0,0,0,0,1,0,1
觅见技术（厦门）有限公司,0,0,1,1,0,0,0,0,0,0,1,0,0,0,0,0,0,0,0
讯通无限（广州）网络技术有限公司,1,0,2,2,0,2,0,0,1,2,2,2,0,0,1,0,1,0,0
许子盈,0,0,0,1,0,0,0,0,0,0,1,0,0,0,0,0,0,0,0
语冠信息技术（上海）有限公司,0,0,1,1,0,0,0,0,1,0,1,1,0,0,0,0,1,0,0
贝格蓝斯科技,0,0,0,2,0,1,0,0,2,2,2,2,0,0,0,0,1,0,0
贵州养森大健康产业有限公司,0,0,1,1,0,1,0,0,1,1,1,1,0,0,0,0,1,0,1
贵州四月八酒店投资管理有限公司,1,0,0,1,0,1,0,0,1,1,1,1,0,0,1,1,1,0,1
贵州富巨炉具有限责任公司,0,0,0,1,0,1,0,0,0,1,1,1,0,0,0,0,0,0,1
贵州省广播电视信息网络股份有限公司,0,0,1,1,0,1,0,0,0,1,1,1,0,0,0,0,1,0,0
贵州高德信诚科技有限公司,0,0,1,1,0,1,0,0,1,0,1,1,0,0,0,0,1,0,0
贵州齐齐辉科技有限公司,0,0,0,1,0,1,0,0,0,0,1,1,0,0,0,0,0,0,0
贵阳市欣欣快发科技有限公司,0,0,0,1,0,1,0,0,0,0,1,1,0,0,0,0,1,0,0
躺平设计家（上海）科技有限公司,0,0,1,1,0,1,0,0,1,1,1,1,0,0,0,0,1,0,1
车主邦（北京）科技有限公司,1,0,1,1,0,1,0,0,1,1,1,1,0,0,0,1,1,0,1
车好多旧机动车经纪（北京）有限公司,0,0,1,1,0,1,0,0,1,1,1,1,0,0,1,0,1,0,1
辽宁省疾病预防控制中心（辽宁省职业病防治院、辽宁预防医学研究所）,0,0,0,1,0,1,1,0,0,1,1,1,0,0,0,0,0,0,1
迅捷联动（北京）科技有限公司,1,1,1,1,0,1,1,1,1,1,1,1,0,0,1,0,1,0,0
途家网网络技术（天津）有限公司,1,0,1,1,0,1,0,0,0,1,1,1,0,0,0,0,0,0,0
通联数据股份公司,1,0,1,1,0,1,0,0,1,1,1,1,0,0,1,1,1,0,1
速伯艾特(北京)国际酒店管理有限公司,1,0,1,1,0,1,0,0,1,1,1,1,0,0,0,0,1,0,1
邓福明,0,0,1,1,0,0,0,0,0,1,1,1,0,0,0,0,0,0,0
郑州卯一科技有限公司,0,0,1,1,0,1,0,0,1,1,1,1,0,0,0,0,1,0,0
郑州星分网络科技有限公司,0,1,1,1,0,1,1,0,1,1,1,1,0,0,0,0,1,0,0
郑州灯师傅照明工程有限公司,1,0,0,1,0,1,0,1,1,1,1,1,0,0,1,0,1,0,1
郑州绿色三谷环保科技有限公司,1,0,1,1,0,1,0,1,1,1,1,1,0,0,1,0,1,0,0
郑州阿帕斯科技有限公司,0,0,1,1,0,1,0,0,0,1,1,1,0,0,1,0,1,0,0
郴州晨信科技有限公司,0,0,0,1,0,0,0,0,0,0,1,1,0,0,0,0,0,0,0
重庆上浅文化传播有限公司,0,0,0,1,0,1,0,0,0,0,1,1,0,0,0,0,1,0,0
重庆住多多科技有限责任公司,0,0,1,1,0,1,0,1,0,1,1,1,0,0,1,0,1,0,0
重庆剧迷网络科技有限公司,0,0,1,1,0,1,0,0,1,1,1,1,0,0,0,0,0,0,0
重庆匠子空间文化传媒有限公司,0,0,1,1,0,1,0,0,0,1,1,1,0,0,0,0,1,0,0
重庆市九吨科技有限公司,0,0,1,1,0,1,0,0,1,1,1,1,0,0,0,0,1,0,0
重庆市交通运行监测与应急调度中心,1,0,0,1,0,1,1,0,1,1,1,1,0,0,1,1,1,0,1
重庆市果萌网络科技有限公司,0,0,0,1,0,1,0,0,0,1,1,0,0,0,0,0,0,0,0
重庆思锐科技发展有限公司,0,0,1,1,0,1,0,0,1,1,1,1,0,0,0,0,1,0,0
重庆智彩科技有限公司,0,0,1,1,0,1,0,0,1,1,1,1,0,0,0,0,1,0,0
重庆有线电视网络股份有限公司,1,1,1,1,0,1,0,0,1,1,1,1,0,0,1,0,1,0,1
重庆有车云电子商务有限公司,0,0,2,2,0,2,0,0,0,2,2,2,0,0,0,0,2,0,1
重庆杨桃科技有限公司,0,0,0,1,0,1,0,0,0,1,1,1,0,0,0,0,1,0,0
重庆椰视网络科技有限公司,0,0,0,1,0,1,0,0,0,0,1,1,0,0,0,0,1,0,0
重庆汇中堂健康管理有限公司,1,0,0,1,0,1,0,0,1,1,1,1,0,0,1,1,1,0,1
重庆海尔家电销售有限公司,1,0,1,1,0,1,0,1,1,1,1,1,0,0,1,0,1,0,1
重庆融特通信技术有限公司,0,0,1,1,0,1,0,0,1,1,1,1,0,0,0,0,1,0,0
金华有二手信息技术有限公司,0,0,1,1,0,1,0,0,0,1,1,1,0,0,0,0,1,0,0
金华锦尚科技有限公司,0,0,1,1,0,1,0,0,0,1,1,1,0,0,0,0,1,0,0
金螳螂家装电子商务（苏州）有限公司,0,0,1,1,0,1,0,0,1,1,1,1,0,0,0,0,1,0,1
鑫泰智能汽车科技（天津）有限公司,1,0,1,1,0,1,0,1,1,1,1,1,0,0,0,0,1,0,1
钛马信息网络技术有限公司,1,0,1,1,0,1,0,0,0,1,1,1,0,0,0,0,1,0,1
铜陵桐喜科技有限公司,0,0,0,1,0,1,0,0,0,0,1,1,0,0,0,0,1,0,0
长江证券股份有限公司,0,1,0,1,0,1,1,0,1,1,1,1,0,0,0,0,1,0,0
长沙先讯快锋影视传媒有限公司,0,0,0,2,0,0,0,0,0,2,2,1,0,0,0,0,0,0,0
长沙十分网络科技有限公司,0,0,0,1,0,1,0,0,1,0,1,1,0,0,0,0,0,0,0
长沙县广播电视台,0,0,1,1,0,1,0,0,1,1,1,1,0,0,0,0,1,0,0
长沙思橙教育科技有限公司北京分公司,0,0,1,1,0,1,0,0,1,1,1,1,0,0,0,0,0,0,0
长沙春觉信息科技有限公司,0,0,0,1,0,0,0,0,1,1,1,1,0,0,0,0,1,0,0
长沙月光宝盒多池互联网有限公司,0,0,1,1,0,1,0,0,1,1,1,1,0,0,0,0,1,0,1
长沙深度融合网络科技有限公司,0,0,1,1,0,0,0,0,0,1,1,1,0,0,0,0,0,0,0
长沙清闲子电子商务有限公司,0,0,1,1,0,1,0,0,0,0,1,1,0,0,0,0,0,0,0
长沙班门网络科技有限公司,0,0,0,1,0,0,0,0,0,0,1,1,0,0,0,0,0,0,0
长沙畅想网络技术工作室,0,0,0,1,0,1,0,0,0,0,1,1,0,0,0,0,1,0,0
阳光财产保险股份有限公司,1,1,1,1,0,1,1,1,1,1,1,1,0,0,1,1,1,1,1
阳江市淘淘网络科技有限公司,0,0,1,1,0,1,0,0,0,1,1,1,0,0,0,0,1,0,0
陈和凡,0,0,0,1,0,0,0,0,0,0,1,1,0,0,0,0,0,0,0
陈炎忠,1,0,1,1,0,1,0,0,0,1,1,1,0,0,1,0,1,0,1
陈立,0,0,0,2,0,0,0,0,0,0,2,2,0,0,0,0,0,0,0
陈继岭,0,0,0,0,0,0,0,0,1,0,0,1,0,0,0,0,0,0,0
陈逢荣,0,0,0,1,0,1,0,0,1,1,1,1,0,0,0,0,1,0,0
陕西司集能源科技有限公司,0,1,1,1,0,1,1,0,1,1,1,1,0,0,0,0,1,0,1
陕西网来网去网络科技有限公司,1,0,0,1,0,1,0,1,1,1,1,1,0,0,0,1,1,0,1
雅华酒店管理（上海）有限公司,0,0,0,1,0,1,0,0,1,0,1,0,0,0,1,0,0,0,0
雅诗阁物业管理（上海）有限公司,0,0,0,1,0,0,0,0,0,1,1,0,0,0,0,0,0,0,0
雷毅,1,0,0,1,0,1,0,0,0,1,1,1,0,0,0,0,1,0,0
霍尔果斯鸿鹭华阅文化传播有限公司,0,0,1,1,0,1,0,0,0,1,1,1,0,0,0,0,1,0,1
青岛嘉铭文化传播有限公司,0,0,0,1,0,0,0,0,0,1,1,0,0,0,0,0,0,0,0
青岛宸悦雅酒店管理有限公司,0,0,0,1,0,1,0,0,0,1,1,1,0,0,0,0,1,0,0
青岛弘耀复进网络科技有限公司,0,0,1,1,0,1,0,0,0,1,1,1,0,0,0,0,1,0,1
青岛英俊网络科技有限公司,0,0,1,1,0,1,0,0,1,0,1,1,0,0,1,0,0,0,0
青岛车门网络科技有限公司,1,0,1,1,0,1,0,0,1,1,1,1,0,0,1,1,1,0,1
风盾（上海）科技有限公司,0,0,0,1,0,0,0,0,0,0,1,1,0,0,0,0,0,0,0
饶凯平,0,0,0,1,0,1,0,0,0,0,1,1,0,0,0,0,0,0,0
香格里拉饭店管理（上海）有限公司北京分公司,0,0,0,1,0,1,0,0,0,0,1,1,0,0,0,0,0,0,0
马鞍山顺贸网络科技有限责任公司,0,0,1,1,0,1,0,0,1,0,1,1,0,0,0,0,1,0,0
驿舒达酒店预订服务（上海）有限公司,0,0,0,1,0,1,0,0,0,1,1,1,0,0,1,0,0,0,0
高德信息技术有限公司,0,0,1,1,0,1,1,0,1,1,1,1,0,0,0,0,1,0,0
高新区康信息技术工作室,0,0,0,2,0,0,0,0,0,1,2,0,0,0,0,0,0,0,0
黄柏儒,1,0,0,0,0,0,0,0,1,0,0,0,0,0,0,0,1,0,0
黄石市城发停车管理有限公司,0,0,1,1,0,1,0,0,1,1,1,1,0,0,0,0,1,0,0
齐鲁交通信息有限公司,1,0,1,1,0,1,0,0,1,1,1,1,0,0,0,0,1,0,1
